actual_class,predicted_class,confidence,image_path,analysis_group,visual_review,boundary_case,label_review_needed,severity,image_quality,lesion_shape,lesion_distribution,lesion_boundary_visibility,background_difficulty,notes,review_priority,review_instructions
Blight,Gray_Leaf_Spot,0.947819,C:\Users\Administrator\Downloads\Plant Health Maize Project\corn_pathology_ai-main\dataset_split\test\Blight\Corn_Blight (468).JPG,Blight_to_Gray_Error,,,,,,,,,,,HIGH,"Manually inspect image. Record whether it is a boundary case, severity, image quality, lesion shape, lesion distribution, lesion-boundary visibility, background difficulty, and notes."
Blight,Gray_Leaf_Spot,0.919303,C:\Users\Administrator\Downloads\Plant Health Maize Project\corn_pathology_ai-main\dataset_split\test\Blight\Corn_Blight (925).JPG,Blight_to_Gray_Error,,,,,,,,,,,HIGH,"Manually inspect image. Record whether it is a boundary case, severity, image quality, lesion shape, lesion distribution, lesion-boundary visibility, background difficulty, and notes."
Blight,Gray_Leaf_Spot,0.915191,C:\Users\Administrator\Downloads\Plant Health Maize Project\corn_pathology_ai-main\dataset_split\test\Blight\Corn_Blight (361).JPG,Blight_to_Gray_Error,,,,,,,,,,,HIGH,"Manually inspect image. Record whether it is a boundary case, severity, image quality, lesion shape, lesion distribution, lesion-boundary visibility, background difficulty, and notes."
Blight,Gray_Leaf_Spot,0.911973,C:\Users\Administrator\Downloads\Plant Health Maize Project\corn_pathology_ai-main\dataset_split\test\Blight\Corn_Blight (974).JPG,Blight_to_Gray_Error,,,,,,,,,,,HIGH,"Manually inspect image. Record whether it is a boundary case, severity, image quality, lesion shape, lesion distribution, lesion-boundary visibility, background difficulty, and notes."
Blight,Gray_Leaf_Spot,0.899456,C:\Users\Administrator\Downloads\Plant Health Maize Project\corn_pathology_ai-main\dataset_split\test\Blight\Corn_Blight (117).JPG,Blight_to_Gray_Error,,,,,,,,,,,HIGH,"Manually inspect image. Record whether it is a boundary case, severity, image quality, lesion shape, lesion distribution, lesion-boundary visibility, background difficulty, and notes."
Blight,Gray_Leaf_Spot,0.869633,C:\Users\Administrator\Downloads\Plant Health Maize Project\corn_pathology_ai-main\dataset_split\test\Blight\Corn_Blight (273).JPG,Blight_to_Gray_Error,,,,,,,,,,,HIGH,"Manually inspect image. Record whether it is a boundary case, severity, image quality, lesion shape, lesion distribution, lesion-boundary visibility, background difficulty, and notes."
Blight,Gray_Leaf_Spot,0.843755,C:\Users\Administrator\Downloads\Plant Health Maize Project\corn_pathology_ai-main\dataset_split\test\Blight\Corn_Blight (638).jpg,Blight_to_Gray_Error,,,,,,,,,,,HIGH,"Manually inspect image. Record whether it is a boundary case, severity, image quality, lesion shape, lesion distribution, lesion-boundary visibility, background difficulty, and notes."
Blight,Gray_Leaf_Spot,0.799073,C:\Users\Administrator\Downloads\Plant Health Maize Project\corn_pathology_ai-main\dataset_split\test\Blight\Corn_Blight (847).JPG,Blight_to_Gray_Error,,,,,,,,,,,HIGH,"Manually inspect image. Record whether it is a boundary case, severity, image quality, lesion shape, lesion distribution, lesion-boundary visibility, background difficulty, and notes."
Blight,Gray_Leaf_Spot,0.704854,C:\Users\Administrator\Downloads\Plant Health Maize Project\corn_pathology_ai-main\dataset_split\test\Blight\Corn_Blight (983).jpg,Blight_to_Gray_Error,,,,,,,,,,,HIGH,"Manually inspect image. Record whether it is a boundary case, severity, image quality, lesion shape, lesion distribution, lesion-boundary visibility, background difficulty, and notes."
Gray_Leaf_Spot,Blight,0.998709,C:\Users\Administrator\Downloads\Plant Health Maize Project\corn_pathology_ai-main\dataset_split\test\Gray_Leaf_Spot\Corn_Gray_Spot (415).JPG,Gray_to_Blight_Error,,,,,,,,,,,HIGH,"Manually inspect image. Record whether it is a boundary case, severity, image quality, lesion shape, lesion distribution, lesion-boundary visibility, background difficulty, and notes."
Gray_Leaf_Spot,Blight,0.856524,C:\Users\Administrator\Downloads\Plant Health Maize Project\corn_pathology_ai-main\dataset_split\test\Gray_Leaf_Spot\Corn_Gray_Spot (29).jpg,Gray_to_Blight_Error,,,,,,,,,,,HIGH,"Manually inspect image. Record whether it is a boundary case, severity, image quality, lesion shape, lesion distribution, lesion-boundary visibility, background difficulty, and notes."
Gray_Leaf_Spot,Blight,0.745943,C:\Users\Administrator\Downloads\Plant Health Maize Project\corn_pathology_ai-main\dataset_split\test\Gray_Leaf_Spot\Corn_Gray_Spot (127).JPG,Gray_to_Blight_Error,,,,,,,,,,,HIGH,"Manually inspect image. Record whether it is a boundary case, severity, image quality, lesion shape, lesion distribution, lesion-boundary visibility, background difficulty, and notes."
Gray_Leaf_Spot,Blight,0.705525,C:\Users\Administrator\Downloads\Plant Health Maize Project\corn_pathology_ai-main\dataset_split\test\Gray_Leaf_Spot\Corn_Gray_Spot (48).jpg,Gray_to_Blight_Error,,,,,,,,,,,HIGH,"Manually inspect image. Record whether it is a boundary case, severity, image quality, lesion shape, lesion distribution, lesion-boundary visibility, background difficulty, and notes."
Blight,Gray_Leaf_Spot,0.696213,C:\Users\Administrator\Downloads\Plant Health Maize Project\corn_pathology_ai-main\dataset_split\test\Blight\Corn_Blight (149).JPG,Blight_to_Gray_Error,,,,,,,,,,,MEDIUM,"Manually inspect image. Record whether it is a boundary case, severity, image quality, lesion shape, lesion distribution, lesion-boundary visibility, background difficulty, and notes."
Blight,Gray_Leaf_Spot,0.686721,C:\Users\Administrator\Downloads\Plant Health Maize Project\corn_pathology_ai-main\dataset_split\test\Blight\Corn_Blight (75).jpg,Blight_to_Gray_Error,,,,,,,,,,,MEDIUM,"Manually inspect image. Record whether it is a boundary case, severity, image quality, lesion shape, lesion distribution, lesion-boundary visibility, background difficulty, and notes."
Blight,Gray_Leaf_Spot,0.639924,C:\Users\Administrator\Downloads\Plant Health Maize Project\corn_pathology_ai-main\dataset_split\test\Blight\Corn_Blight (1144).jpg,Blight_to_Gray_Error,,,,,,,,,,,MEDIUM,"Manually inspect image. Record whether it is a boundary case, severity, image quality, lesion shape, lesion distribution, lesion-boundary visibility, background difficulty, and notes."
Blight,Gray_Leaf_Spot,0.636688,C:\Users\Administrator\Downloads\Plant Health Maize Project\corn_pathology_ai-main\dataset_split\test\Blight\Corn_Blight (655).jpg,Blight_to_Gray_Error,,,,,,,,,,,MEDIUM,"Manually inspect image. Record whether it is a boundary case, severity, image quality, lesion shape, lesion distribution, lesion-boundary visibility, background difficulty, and notes."
Blight,Gray_Leaf_Spot,0.605201,C:\Users\Administrator\Downloads\Plant Health Maize Project\corn_pathology_ai-main\dataset_split\test\Blight\Corn_Blight (692).JPG,Blight_to_Gray_Error,,,,,,,,,,,MEDIUM,"Manually inspect image. Record whether it is a boundary case, severity, image quality, lesion shape, lesion distribution, lesion-boundary visibility, background difficulty, and notes."
Blight,Gray_Leaf_Spot,0.565024,C:\Users\Administrator\Downloads\Plant Health Maize Project\corn_pathology_ai-main\dataset_split\test\Blight\Corn_Blight (488).JPG,Blight_to_Gray_Error,,,,,,,,,,,MEDIUM,"Manually inspect image. Record whether it is a boundary case, severity, image quality, lesion shape, lesion distribution, lesion-boundary visibility, background difficulty, and notes."
Blight,Gray_Leaf_Spot,0.548123,C:\Users\Administrator\Downloads\Plant Health Maize Project\corn_pathology_ai-main\dataset_split\test\Blight\Corn_Blight (99).jpg,Blight_to_Gray_Error,,,,,,,,,,,MEDIUM,"Manually inspect image. Record whether it is a boundary case, severity, image quality, lesion shape, lesion distribution, lesion-boundary visibility, background difficulty, and notes."
Blight,Gray_Leaf_Spot,0.52458,C:\Users\Administrator\Downloads\Plant Health Maize Project\corn_pathology_ai-main\dataset_split\test\Blight\Corn_Blight (15).jpg,Blight_to_Gray_Error,,,,,,,,,,,MEDIUM,"Manually inspect image. Record whether it is a boundary case, severity, image quality, lesion shape, lesion distribution, lesion-boundary visibility, background difficulty, and notes."
Blight,Gray_Leaf_Spot,0.474308,C:\Users\Administrator\Downloads\Plant Health Maize Project\corn_pathology_ai-main\dataset_split\test\Blight\Corn_Blight (277).JPG,Blight_to_Gray_Error,,,,,,,,,,,MEDIUM,"Manually inspect image. Record whether it is a boundary case, severity, image quality, lesion shape, lesion distribution, lesion-boundary visibility, background difficulty, and notes."
Blight,Gray_Leaf_Spot,0.400403,C:\Users\Administrator\Downloads\Plant Health Maize Project\corn_pathology_ai-main\dataset_split\test\Blight\Corn_Blight (1135).jpg,Blight_to_Gray_Error,,,,,,,,,,,MEDIUM,"Manually inspect image. Record whether it is a boundary case, severity, image quality, lesion shape, lesion distribution, lesion-boundary visibility, background difficulty, and notes."
Gray_Leaf_Spot,Blight,0.662111,C:\Users\Administrator\Downloads\Plant Health Maize Project\corn_pathology_ai-main\dataset_split\test\Gray_Leaf_Spot\Corn_Gray_Spot (40).jpg,Gray_to_Blight_Error,,,,,,,,,,,MEDIUM,"Manually inspect image. Record whether it is a boundary case, severity, image quality, lesion shape, lesion distribution, lesion-boundary visibility, background difficulty, and notes."
Gray_Leaf_Spot,Blight,0.606405,C:\Users\Administrator\Downloads\Plant Health Maize Project\corn_pathology_ai-main\dataset_split\test\Gray_Leaf_Spot\Corn_Gray_Spot (3).jpg,Gray_to_Blight_Error,,,,,,,,,,,MEDIUM,"Manually inspect image. Record whether it is a boundary case, severity, image quality, lesion shape, lesion distribution, lesion-boundary visibility, background difficulty, and notes."
Gray_Leaf_Spot,Blight,0.540537,C:\Users\Administrator\Downloads\Plant Health Maize Project\corn_pathology_ai-main\dataset_split\test\Gray_Leaf_Spot\Corn_Gray_Spot (17).jpg,Gray_to_Blight_Error,,,,,,,,,,,MEDIUM,"Manually inspect image. Record whether it is a boundary case, severity, image quality, lesion shape, lesion distribution, lesion-boundary visibility, background difficulty, and notes."
Gray_Leaf_Spot,Blight,0.535297,C:\Users\Administrator\Downloads\Plant Health Maize Project\corn_pathology_ai-main\dataset_split\test\Gray_Leaf_Spot\Corn_Gray_Spot (311).jpg,Gray_to_Blight_Error,,,,,,,,,,,MEDIUM,"Manually inspect image. Record whether it is a boundary case, severity, image quality, lesion shape, lesion distribution, lesion-boundary visibility, background difficulty, and notes."
Blight,Blight,0.999873,C:\Users\Administrator\Downloads\Plant Health Maize Project\corn_pathology_ai-main\dataset_split\test\Blight\Corn_Blight (233).JPG,Correct_Blight,,,,,,,,,,,REFERENCE,"Manually inspect image. Record whether it is a boundary case, severity, image quality, lesion shape, lesion distribution, lesion-boundary visibility, background difficulty, and notes."
Blight,Blight,0.999811,C:\Users\Administrator\Downloads\Plant Health Maize Project\corn_pathology_ai-main\dataset_split\test\Blight\Corn_Blight (320).JPG,Correct_Blight,,,,,,,,,,,REFERENCE,"Manually inspect image. Record whether it is a boundary case, severity, image quality, lesion shape, lesion distribution, lesion-boundary visibility, background difficulty, and notes."
Blight,Blight,0.999739,C:\Users\Administrator\Downloads\Plant Health Maize Project\corn_pathology_ai-main\dataset_split\test\Blight\Corn_Blight (221).JPG,Correct_Blight,,,,,,,,,,,REFERENCE,"Manually inspect image. Record whether it is a boundary case, severity, image quality, lesion shape, lesion distribution, lesion-boundary visibility, background difficulty, and notes."
Blight,Blight,0.99972,C:\Users\Administrator\Downloads\Plant Health Maize Project\corn_pathology_ai-main\dataset_split\test\Blight\Corn_Blight (711).JPG,Correct_Blight,,,,,,,,,,,REFERENCE,"Manually inspect image. Record whether it is a boundary case, severity, image quality, lesion shape, lesion distribution, lesion-boundary visibility, background difficulty, and notes."
Blight,Blight,0.999707,C:\Users\Administrator\Downloads\Plant Health Maize Project\corn_pathology_ai-main\dataset_split\test\Blight\Corn_Blight (328).JPG,Correct_Blight,,,,,,,,,,,REFERENCE,"Manually inspect image. Record whether it is a boundary case, severity, image quality, lesion shape, lesion distribution, lesion-boundary visibility, background difficulty, and notes."
Blight,Blight,0.999224,C:\Users\Administrator\Downloads\Plant Health Maize Project\corn_pathology_ai-main\dataset_split\test\Blight\Corn_Blight (565).JPG,Correct_Blight,,,,,,,,,,,REFERENCE,"Manually inspect image. Record whether it is a boundary case, severity, image quality, lesion shape, lesion distribution, lesion-boundary visibility, background difficulty, and notes."
Blight,Blight,0.999204,C:\Users\Administrator\Downloads\Plant Health Maize Project\corn_pathology_ai-main\dataset_split\test\Blight\Corn_Blight (734).JPG,Correct_Blight,,,,,,,,,,,REFERENCE,"Manually inspect image. Record whether it is a boundary case, severity, image quality, lesion shape, lesion distribution, lesion-boundary visibility, background difficulty, and notes."
Blight,Blight,0.999169,C:\Users\Administrator\Downloads\Plant Health Maize Project\corn_pathology_ai-main\dataset_split\test\Blight\Corn_Blight (590).JPG,Correct_Blight,,,,,,,,,,,REFERENCE,"Manually inspect image. Record whether it is a boundary case, severity, image quality, lesion shape, lesion distribution, lesion-boundary visibility, background difficulty, and notes."
Blight,Blight,0.999136,C:\Users\Administrator\Downloads\Plant Health Maize Project\corn_pathology_ai-main\dataset_split\test\Blight\Corn_Blight (436).JPG,Correct_Blight,,,,,,,,,,,REFERENCE,"Manually inspect image. Record whether it is a boundary case, severity, image quality, lesion shape, lesion distribution, lesion-boundary visibility, background difficulty, and notes."
Blight,Blight,0.999074,C:\Users\Administrator\Downloads\Plant Health Maize Project\corn_pathology_ai-main\dataset_split\test\Blight\Corn_Blight (378).JPG,Correct_Blight,,,,,,,,,,,REFERENCE,"Manually inspect image. Record whether it is a boundary case, severity, image quality, lesion shape, lesion distribution, lesion-boundary visibility, background difficulty, and notes."
Blight,Blight,0.998541,C:\Users\Administrator\Downloads\Plant Health Maize Project\corn_pathology_ai-main\dataset_split\test\Blight\Corn_Blight (658).JPG,Correct_Blight,,,,,,,,,,,REFERENCE,"Manually inspect image. Record whether it is a boundary case, severity, image quality, lesion shape, lesion distribution, lesion-boundary visibility, background difficulty, and notes."
Blight,Blight,0.99847,C:\Users\Administrator\Downloads\Plant Health Maize Project\corn_pathology_ai-main\dataset_split\test\Blight\Corn_Blight (784).jpg,Correct_Blight,,,,,,,,,,,REFERENCE,"Manually inspect image. Record whether it is a boundary case, severity, image quality, lesion shape, lesion distribution, lesion-boundary visibility, background difficulty, and notes."
Blight,Blight,0.998253,C:\Users\Administrator\Downloads\Plant Health Maize Project\corn_pathology_ai-main\dataset_split\test\Blight\Corn_Blight (477).JPG,Correct_Blight,,,,,,,,,,,REFERENCE,"Manually inspect image. Record whether it is a boundary case, severity, image quality, lesion shape, lesion distribution, lesion-boundary visibility, background difficulty, and notes."
Blight,Blight,0.997848,C:\Users\Administrator\Downloads\Plant Health Maize Project\corn_pathology_ai-main\dataset_split\test\Blight\Corn_Blight (714).JPG,Correct_Blight,,,,,,,,,,,REFERENCE,"Manually inspect image. Record whether it is a boundary case, severity, image quality, lesion shape, lesion distribution, lesion-boundary visibility, background difficulty, and notes."
Blight,Blight,0.997814,C:\Users\Administrator\Downloads\Plant Health Maize Project\corn_pathology_ai-main\dataset_split\test\Blight\Corn_Blight (1015).jpg,Correct_Blight,,,,,,,,,,,REFERENCE,"Manually inspect image. Record whether it is a boundary case, severity, image quality, lesion shape, lesion distribution, lesion-boundary visibility, background difficulty, and notes."
Blight,Blight,0.997728,C:\Users\Administrator\Downloads\Plant Health Maize Project\corn_pathology_ai-main\dataset_split\test\Blight\Corn_Blight (686).JPG,Correct_Blight,,,,,,,,,,,REFERENCE,"Manually inspect image. Record whether it is a boundary case, severity, image quality, lesion shape, lesion distribution, lesion-boundary visibility, background difficulty, and notes."
Blight,Blight,0.997694,C:\Users\Administrator\Downloads\Plant Health Maize Project\corn_pathology_ai-main\dataset_split\test\Blight\Corn_Blight (887).JPG,Correct_Blight,,,,,,,,,,,REFERENCE,"Manually inspect image. Record whether it is a boundary case, severity, image quality, lesion shape, lesion distribution, lesion-boundary visibility, background difficulty, and notes."
Blight,Blight,0.997349,C:\Users\Administrator\Downloads\Plant Health Maize Project\corn_pathology_ai-main\dataset_split\test\Blight\Corn_Blight (888).JPG,Correct_Blight,,,,,,,,,,,REFERENCE,"Manually inspect image. Record whether it is a boundary case, severity, image quality, lesion shape, lesion distribution, lesion-boundary visibility, background difficulty, and notes."
Blight,Blight,0.996782,C:\Users\Administrator\Downloads\Plant Health Maize Project\corn_pathology_ai-main\dataset_split\test\Blight\Corn_Blight (427).JPG,Correct_Blight,,,,,,,,,,,REFERENCE,"Manually inspect image. Record whether it is a boundary case, severity, image quality, lesion shape, lesion distribution, lesion-boundary visibility, background difficulty, and notes."
Blight,Blight,0.996173,C:\Users\Administrator\Downloads\Plant Health Maize Project\corn_pathology_ai-main\dataset_split\test\Blight\Corn_Blight (482).JPG,Correct_Blight,,,,,,,,,,,REFERENCE,"Manually inspect image. Record whether it is a boundary case, severity, image quality, lesion shape, lesion distribution, lesion-boundary visibility, background difficulty, and notes."
Blight,Blight,0.99597,C:\Users\Administrator\Downloads\Plant Health Maize Project\corn_pathology_ai-main\dataset_split\test\Blight\Corn_Blight (667).JPG,Correct_Blight,,,,,,,,,,,REFERENCE,"Manually inspect image. Record whether it is a boundary case, severity, image quality, lesion shape, lesion distribution, lesion-boundary visibility, background difficulty, and notes."
Blight,Blight,0.995921,C:\Users\Administrator\Downloads\Plant Health Maize Project\corn_pathology_ai-main\dataset_split\test\Blight\Corn_Blight (365).JPG,Correct_Blight,,,,,,,,,,,REFERENCE,"Manually inspect image. Record whether it is a boundary case, severity, image quality, lesion shape, lesion distribution, lesion-boundary visibility, background difficulty, and notes."
Blight,Blight,0.995914,C:\Users\Administrator\Downloads\Plant Health Maize Project\corn_pathology_ai-main\dataset_split\test\Blight\Corn_Blight (989).JPG,Correct_Blight,,,,,,,,,,,REFERENCE,"Manually inspect image. Record whether it is a boundary case, severity, image quality, lesion shape, lesion distribution, lesion-boundary visibility, background difficulty, and notes."
Blight,Blight,0.995075,C:\Users\Administrator\Downloads\Plant Health Maize Project\corn_pathology_ai-main\dataset_split\test\Blight\Corn_Blight (162).jpg,Correct_Blight,,,,,,,,,,,REFERENCE,"Manually inspect image. Record whether it is a boundary case, severity, image quality, lesion shape, lesion distribution, lesion-boundary visibility, background difficulty, and notes."
Blight,Blight,0.994945,C:\Users\Administrator\Downloads\Plant Health Maize Project\corn_pathology_ai-main\dataset_split\test\Blight\Corn_Blight (889).JPG,Correct_Blight,,,,,,,,,,,REFERENCE,"Manually inspect image. Record whether it is a boundary case, severity, image quality, lesion shape, lesion distribution, lesion-boundary visibility, background difficulty, and notes."
Blight,Blight,0.994869,C:\Users\Administrator\Downloads\Plant Health Maize Project\corn_pathology_ai-main\dataset_split\test\Blight\Corn_Blight (500).JPG,Correct_Blight,,,,,,,,,,,REFERENCE,"Manually inspect image. Record whether it is a boundary case, severity, image quality, lesion shape, lesion distribution, lesion-boundary visibility, background difficulty, and notes."
Blight,Blight,0.99474,C:\Users\Administrator\Downloads\Plant Health Maize Project\corn_pathology_ai-main\dataset_split\test\Blight\Corn_Blight (390).JPG,Correct_Blight,,,,,,,,,,,REFERENCE,"Manually inspect image. Record whether it is a boundary case, severity, image quality, lesion shape, lesion distribution, lesion-boundary visibility, background difficulty, and notes."
Blight,Blight,0.993286,C:\Users\Administrator\Downloads\Plant Health Maize Project\corn_pathology_ai-main\dataset_split\test\Blight\Corn_Blight (475).JPG,Correct_Blight,,,,,,,,,,,REFERENCE,"Manually inspect image. Record whether it is a boundary case, severity, image quality, lesion shape, lesion distribution, lesion-boundary visibility, background difficulty, and notes."
Blight,Blight,0.992615,C:\Users\Administrator\Downloads\Plant Health Maize Project\corn_pathology_ai-main\dataset_split\test\Blight\Corn_Blight (195).JPG,Correct_Blight,,,,,,,,,,,REFERENCE,"Manually inspect image. Record whether it is a boundary case, severity, image quality, lesion shape, lesion distribution, lesion-boundary visibility, background difficulty, and notes."
Blight,Blight,0.992347,C:\Users\Administrator\Downloads\Plant Health Maize Project\corn_pathology_ai-main\dataset_split\test\Blight\Corn_Blight (763).JPG,Correct_Blight,,,,,,,,,,,REFERENCE,"Manually inspect image. Record whether it is a boundary case, severity, image quality, lesion shape, lesion distribution, lesion-boundary visibility, background difficulty, and notes."
Blight,Blight,0.9914,C:\Users\Administrator\Downloads\Plant Health Maize Project\corn_pathology_ai-main\dataset_split\test\Blight\Corn_Blight (525).JPG,Correct_Blight,,,,,,,,,,,REFERENCE,"Manually inspect image. Record whether it is a boundary case, severity, image quality, lesion shape, lesion distribution, lesion-boundary visibility, background difficulty, and notes."
Blight,Blight,0.991237,C:\Users\Administrator\Downloads\Plant Health Maize Project\corn_pathology_ai-main\dataset_split\test\Blight\Corn_Blight (661).jpg,Correct_Blight,,,,,,,,,,,REFERENCE,"Manually inspect image. Record whether it is a boundary case, severity, image quality, lesion shape, lesion distribution, lesion-boundary visibility, background difficulty, and notes."
Blight,Blight,0.990815,C:\Users\Administrator\Downloads\Plant Health Maize Project\corn_pathology_ai-main\dataset_split\test\Blight\Corn_Blight (171).JPG,Correct_Blight,,,,,,,,,,,REFERENCE,"Manually inspect image. Record whether it is a boundary case, severity, image quality, lesion shape, lesion distribution, lesion-boundary visibility, background difficulty, and notes."
Blight,Blight,0.990675,C:\Users\Administrator\Downloads\Plant Health Maize Project\corn_pathology_ai-main\dataset_split\test\Blight\Corn_Blight (897).JPG,Correct_Blight,,,,,,,,,,,REFERENCE,"Manually inspect image. Record whether it is a boundary case, severity, image quality, lesion shape, lesion distribution, lesion-boundary visibility, background difficulty, and notes."
Blight,Blight,0.990429,C:\Users\Administrator\Downloads\Plant Health Maize Project\corn_pathology_ai-main\dataset_split\test\Blight\Corn_Blight (572).JPG,Correct_Blight,,,,,,,,,,,REFERENCE,"Manually inspect image. Record whether it is a boundary case, severity, image quality, lesion shape, lesion distribution, lesion-boundary visibility, background difficulty, and notes."
Blight,Blight,0.990094,C:\Users\Administrator\Downloads\Plant Health Maize Project\corn_pathology_ai-main\dataset_split\test\Blight\Corn_Blight (941).JPG,Correct_Blight,,,,,,,,,,,REFERENCE,"Manually inspect image. Record whether it is a boundary case, severity, image quality, lesion shape, lesion distribution, lesion-boundary visibility, background difficulty, and notes."
Blight,Blight,0.98993,C:\Users\Administrator\Downloads\Plant Health Maize Project\corn_pathology_ai-main\dataset_split\test\Blight\Corn_Blight (636).jpg,Correct_Blight,,,,,,,,,,,REFERENCE,"Manually inspect image. Record whether it is a boundary case, severity, image quality, lesion shape, lesion distribution, lesion-boundary visibility, background difficulty, and notes."
Blight,Blight,0.989051,C:\Users\Administrator\Downloads\Plant Health Maize Project\corn_pathology_ai-main\dataset_split\test\Blight\Corn_Blight (279).JPG,Correct_Blight,,,,,,,,,,,REFERENCE,"Manually inspect image. Record whether it is a boundary case, severity, image quality, lesion shape, lesion distribution, lesion-boundary visibility, background difficulty, and notes."
Blight,Blight,0.988324,C:\Users\Administrator\Downloads\Plant Health Maize Project\corn_pathology_ai-main\dataset_split\test\Blight\Corn_Blight (219).JPG,Correct_Blight,,,,,,,,,,,REFERENCE,"Manually inspect image. Record whether it is a boundary case, severity, image quality, lesion shape, lesion distribution, lesion-boundary visibility, background difficulty, and notes."
Blight,Blight,0.987307,C:\Users\Administrator\Downloads\Plant Health Maize Project\corn_pathology_ai-main\dataset_split\test\Blight\Corn_Blight (325).JPG,Correct_Blight,,,,,,,,,,,REFERENCE,"Manually inspect image. Record whether it is a boundary case, severity, image quality, lesion shape, lesion distribution, lesion-boundary visibility, background difficulty, and notes."
Blight,Blight,0.987199,C:\Users\Administrator\Downloads\Plant Health Maize Project\corn_pathology_ai-main\dataset_split\test\Blight\Corn_Blight (914).JPG,Correct_Blight,,,,,,,,,,,REFERENCE,"Manually inspect image. Record whether it is a boundary case, severity, image quality, lesion shape, lesion distribution, lesion-boundary visibility, background difficulty, and notes."
Blight,Blight,0.987139,C:\Users\Administrator\Downloads\Plant Health Maize Project\corn_pathology_ai-main\dataset_split\test\Blight\Corn_Blight (341).JPG,Correct_Blight,,,,,,,,,,,REFERENCE,"Manually inspect image. Record whether it is a boundary case, severity, image quality, lesion shape, lesion distribution, lesion-boundary visibility, background difficulty, and notes."
Blight,Blight,0.986699,C:\Users\Administrator\Downloads\Plant Health Maize Project\corn_pathology_ai-main\dataset_split\test\Blight\Corn_Blight (984).JPG,Correct_Blight,,,,,,,,,,,REFERENCE,"Manually inspect image. Record whether it is a boundary case, severity, image quality, lesion shape, lesion distribution, lesion-boundary visibility, background difficulty, and notes."
Blight,Blight,0.985811,C:\Users\Administrator\Downloads\Plant Health Maize Project\corn_pathology_ai-main\dataset_split\test\Blight\Corn_Blight (431).JPG,Correct_Blight,,,,,,,,,,,REFERENCE,"Manually inspect image. Record whether it is a boundary case, severity, image quality, lesion shape, lesion distribution, lesion-boundary visibility, background difficulty, and notes."
Blight,Blight,0.983714,C:\Users\Administrator\Downloads\Plant Health Maize Project\corn_pathology_ai-main\dataset_split\test\Blight\Corn_Blight (583).JPG,Correct_Blight,,,,,,,,,,,REFERENCE,"Manually inspect image. Record whether it is a boundary case, severity, image quality, lesion shape, lesion distribution, lesion-boundary visibility, background difficulty, and notes."
Blight,Blight,0.982986,C:\Users\Administrator\Downloads\Plant Health Maize Project\corn_pathology_ai-main\dataset_split\test\Blight\Corn_Blight (701).JPG,Correct_Blight,,,,,,,,,,,REFERENCE,"Manually inspect image. Record whether it is a boundary case, severity, image quality, lesion shape, lesion distribution, lesion-boundary visibility, background difficulty, and notes."
Blight,Blight,0.982546,C:\Users\Administrator\Downloads\Plant Health Maize Project\corn_pathology_ai-main\dataset_split\test\Blight\Corn_Blight (1004).JPG,Correct_Blight,,,,,,,,,,,REFERENCE,"Manually inspect image. Record whether it is a boundary case, severity, image quality, lesion shape, lesion distribution, lesion-boundary visibility, background difficulty, and notes."
Blight,Blight,0.982159,C:\Users\Administrator\Downloads\Plant Health Maize Project\corn_pathology_ai-main\dataset_split\test\Blight\Corn_Blight (362).JPG,Correct_Blight,,,,,,,,,,,REFERENCE,"Manually inspect image. Record whether it is a boundary case, severity, image quality, lesion shape, lesion distribution, lesion-boundary visibility, background difficulty, and notes."
Blight,Blight,0.980258,C:\Users\Administrator\Downloads\Plant Health Maize Project\corn_pathology_ai-main\dataset_split\test\Blight\Corn_Blight (138).JPG,Correct_Blight,,,,,,,,,,,REFERENCE,"Manually inspect image. Record whether it is a boundary case, severity, image quality, lesion shape, lesion distribution, lesion-boundary visibility, background difficulty, and notes."
Blight,Blight,0.979338,C:\Users\Administrator\Downloads\Plant Health Maize Project\corn_pathology_ai-main\dataset_split\test\Blight\Corn_Blight (1090).JPG,Correct_Blight,,,,,,,,,,,REFERENCE,"Manually inspect image. Record whether it is a boundary case, severity, image quality, lesion shape, lesion distribution, lesion-boundary visibility, background difficulty, and notes."
Blight,Blight,0.979324,C:\Users\Administrator\Downloads\Plant Health Maize Project\corn_pathology_ai-main\dataset_split\test\Blight\Corn_Blight (587).JPG,Correct_Blight,,,,,,,,,,,REFERENCE,"Manually inspect image. Record whether it is a boundary case, severity, image quality, lesion shape, lesion distribution, lesion-boundary visibility, background difficulty, and notes."
Blight,Blight,0.97833,C:\Users\Administrator\Downloads\Plant Health Maize Project\corn_pathology_ai-main\dataset_split\test\Blight\Corn_Blight (454).JPG,Correct_Blight,,,,,,,,,,,REFERENCE,"Manually inspect image. Record whether it is a boundary case, severity, image quality, lesion shape, lesion distribution, lesion-boundary visibility, background difficulty, and notes."
Blight,Blight,0.977766,C:\Users\Administrator\Downloads\Plant Health Maize Project\corn_pathology_ai-main\dataset_split\test\Blight\Corn_Blight (395).JPG,Correct_Blight,,,,,,,,,,,REFERENCE,"Manually inspect image. Record whether it is a boundary case, severity, image quality, lesion shape, lesion distribution, lesion-boundary visibility, background difficulty, and notes."
Blight,Blight,0.973661,C:\Users\Administrator\Downloads\Plant Health Maize Project\corn_pathology_ai-main\dataset_split\test\Blight\Corn_Blight (306).JPG,Correct_Blight,,,,,,,,,,,REFERENCE,"Manually inspect image. Record whether it is a boundary case, severity, image quality, lesion shape, lesion distribution, lesion-boundary visibility, background difficulty, and notes."
Blight,Blight,0.973639,C:\Users\Administrator\Downloads\Plant Health Maize Project\corn_pathology_ai-main\dataset_split\test\Blight\Corn_Blight (970).JPG,Correct_Blight,,,,,,,,,,,REFERENCE,"Manually inspect image. Record whether it is a boundary case, severity, image quality, lesion shape, lesion distribution, lesion-boundary visibility, background difficulty, and notes."
Blight,Blight,0.973087,C:\Users\Administrator\Downloads\Plant Health Maize Project\corn_pathology_ai-main\dataset_split\test\Blight\Corn_Blight (911).JPG,Correct_Blight,,,,,,,,,,,REFERENCE,"Manually inspect image. Record whether it is a boundary case, severity, image quality, lesion shape, lesion distribution, lesion-boundary visibility, background difficulty, and notes."
Blight,Blight,0.971748,C:\Users\Administrator\Downloads\Plant Health Maize Project\corn_pathology_ai-main\dataset_split\test\Blight\Corn_Blight (707).JPG,Correct_Blight,,,,,,,,,,,REFERENCE,"Manually inspect image. Record whether it is a boundary case, severity, image quality, lesion shape, lesion distribution, lesion-boundary visibility, background difficulty, and notes."
Blight,Blight,0.967379,C:\Users\Administrator\Downloads\Plant Health Maize Project\corn_pathology_ai-main\dataset_split\test\Blight\Corn_Blight (597).jpg,Correct_Blight,,,,,,,,,,,REFERENCE,"Manually inspect image. Record whether it is a boundary case, severity, image quality, lesion shape, lesion distribution, lesion-boundary visibility, background difficulty, and notes."
Blight,Blight,0.967327,C:\Users\Administrator\Downloads\Plant Health Maize Project\corn_pathology_ai-main\dataset_split\test\Blight\Corn_Blight (915).jpg,Correct_Blight,,,,,,,,,,,REFERENCE,"Manually inspect image. Record whether it is a boundary case, severity, image quality, lesion shape, lesion distribution, lesion-boundary visibility, background difficulty, and notes."
Blight,Blight,0.96718,C:\Users\Administrator\Downloads\Plant Health Maize Project\corn_pathology_ai-main\dataset_split\test\Blight\Corn_Blight (755).JPG,Correct_Blight,,,,,,,,,,,REFERENCE,"Manually inspect image. Record whether it is a boundary case, severity, image quality, lesion shape, lesion distribution, lesion-boundary visibility, background difficulty, and notes."
Blight,Blight,0.967018,C:\Users\Administrator\Downloads\Plant Health Maize Project\corn_pathology_ai-main\dataset_split\test\Blight\Corn_Blight (995).JPG,Correct_Blight,,,,,,,,,,,REFERENCE,"Manually inspect image. Record whether it is a boundary case, severity, image quality, lesion shape, lesion distribution, lesion-boundary visibility, background difficulty, and notes."
Blight,Blight,0.966924,C:\Users\Administrator\Downloads\Plant Health Maize Project\corn_pathology_ai-main\dataset_split\test\Blight\Corn_Blight (793).JPG,Correct_Blight,,,,,,,,,,,REFERENCE,"Manually inspect image. Record whether it is a boundary case, severity, image quality, lesion shape, lesion distribution, lesion-boundary visibility, background difficulty, and notes."
Blight,Blight,0.965517,C:\Users\Administrator\Downloads\Plant Health Maize Project\corn_pathology_ai-main\dataset_split\test\Blight\Corn_Blight (934).JPG,Correct_Blight,,,,,,,,,,,REFERENCE,"Manually inspect image. Record whether it is a boundary case, severity, image quality, lesion shape, lesion distribution, lesion-boundary visibility, background difficulty, and notes."
Blight,Blight,0.965402,C:\Users\Administrator\Downloads\Plant Health Maize Project\corn_pathology_ai-main\dataset_split\test\Blight\Corn_Blight (757).JPG,Correct_Blight,,,,,,,,,,,REFERENCE,"Manually inspect image. Record whether it is a boundary case, severity, image quality, lesion shape, lesion distribution, lesion-boundary visibility, background difficulty, and notes."
Blight,Blight,0.964275,C:\Users\Administrator\Downloads\Plant Health Maize Project\corn_pathology_ai-main\dataset_split\test\Blight\Corn_Blight (308).JPG,Correct_Blight,,,,,,,,,,,REFERENCE,"Manually inspect image. Record whether it is a boundary case, severity, image quality, lesion shape, lesion distribution, lesion-boundary visibility, background difficulty, and notes."
Blight,Blight,0.960515,C:\Users\Administrator\Downloads\Plant Health Maize Project\corn_pathology_ai-main\dataset_split\test\Blight\Corn_Blight (329).JPG,Correct_Blight,,,,,,,,,,,REFERENCE,"Manually inspect image. Record whether it is a boundary case, severity, image quality, lesion shape, lesion distribution, lesion-boundary visibility, background difficulty, and notes."
Blight,Blight,0.954136,C:\Users\Administrator\Downloads\Plant Health Maize Project\corn_pathology_ai-main\dataset_split\test\Blight\Corn_Blight (640).JPG,Correct_Blight,,,,,,,,,,,REFERENCE,"Manually inspect image. Record whether it is a boundary case, severity, image quality, lesion shape, lesion distribution, lesion-boundary visibility, background difficulty, and notes."
Blight,Blight,0.944182,C:\Users\Administrator\Downloads\Plant Health Maize Project\corn_pathology_ai-main\dataset_split\test\Blight\Corn_Blight (830).jpg,Correct_Blight,,,,,,,,,,,REFERENCE,"Manually inspect image. Record whether it is a boundary case, severity, image quality, lesion shape, lesion distribution, lesion-boundary visibility, background difficulty, and notes."
Blight,Blight,0.943417,C:\Users\Administrator\Downloads\Plant Health Maize Project\corn_pathology_ai-main\dataset_split\test\Blight\Corn_Blight (950).JPG,Correct_Blight,,,,,,,,,,,REFERENCE,"Manually inspect image. Record whether it is a boundary case, severity, image quality, lesion shape, lesion distribution, lesion-boundary visibility, background difficulty, and notes."
Blight,Blight,0.942533,C:\Users\Administrator\Downloads\Plant Health Maize Project\corn_pathology_ai-main\dataset_split\test\Blight\Corn_Blight (426).JPG,Correct_Blight,,,,,,,,,,,REFERENCE,"Manually inspect image. Record whether it is a boundary case, severity, image quality, lesion shape, lesion distribution, lesion-boundary visibility, background difficulty, and notes."
Blight,Blight,0.939777,C:\Users\Administrator\Downloads\Plant Health Maize Project\corn_pathology_ai-main\dataset_split\test\Blight\Corn_Blight (641).JPG,Correct_Blight,,,,,,,,,,,REFERENCE,"Manually inspect image. Record whether it is a boundary case, severity, image quality, lesion shape, lesion distribution, lesion-boundary visibility, background difficulty, and notes."
Blight,Blight,0.938393,C:\Users\Administrator\Downloads\Plant Health Maize Project\corn_pathology_ai-main\dataset_split\test\Blight\Corn_Blight (1009).JPG,Correct_Blight,,,,,,,,,,,REFERENCE,"Manually inspect image. Record whether it is a boundary case, severity, image quality, lesion shape, lesion distribution, lesion-boundary visibility, background difficulty, and notes."
Blight,Blight,0.938308,C:\Users\Administrator\Downloads\Plant Health Maize Project\corn_pathology_ai-main\dataset_split\test\Blight\Corn_Blight (508).JPG,Correct_Blight,,,,,,,,,,,REFERENCE,"Manually inspect image. Record whether it is a boundary case, severity, image quality, lesion shape, lesion distribution, lesion-boundary visibility, background difficulty, and notes."
Blight,Blight,0.938036,C:\Users\Administrator\Downloads\Plant Health Maize Project\corn_pathology_ai-main\dataset_split\test\Blight\Corn_Blight (865).JPG,Correct_Blight,,,,,,,,,,,REFERENCE,"Manually inspect image. Record whether it is a boundary case, severity, image quality, lesion shape, lesion distribution, lesion-boundary visibility, background difficulty, and notes."
Blight,Blight,0.934207,C:\Users\Administrator\Downloads\Plant Health Maize Project\corn_pathology_ai-main\dataset_split\test\Blight\Corn_Blight (469).JPG,Correct_Blight,,,,,,,,,,,REFERENCE,"Manually inspect image. Record whether it is a boundary case, severity, image quality, lesion shape, lesion distribution, lesion-boundary visibility, background difficulty, and notes."
Blight,Blight,0.934117,C:\Users\Administrator\Downloads\Plant Health Maize Project\corn_pathology_ai-main\dataset_split\test\Blight\Corn_Blight (333).JPG,Correct_Blight,,,,,,,,,,,REFERENCE,"Manually inspect image. Record whether it is a boundary case, severity, image quality, lesion shape, lesion distribution, lesion-boundary visibility, background difficulty, and notes."
Blight,Blight,0.929496,C:\Users\Administrator\Downloads\Plant Health Maize Project\corn_pathology_ai-main\dataset_split\test\Blight\Corn_Blight (393).JPG,Correct_Blight,,,,,,,,,,,REFERENCE,"Manually inspect image. Record whether it is a boundary case, severity, image quality, lesion shape, lesion distribution, lesion-boundary visibility, background difficulty, and notes."
Blight,Blight,0.928112,C:\Users\Administrator\Downloads\Plant Health Maize Project\corn_pathology_ai-main\dataset_split\test\Blight\Corn_Blight (844).JPG,Correct_Blight,,,,,,,,,,,REFERENCE,"Manually inspect image. Record whether it is a boundary case, severity, image quality, lesion shape, lesion distribution, lesion-boundary visibility, background difficulty, and notes."
Blight,Blight,0.927766,C:\Users\Administrator\Downloads\Plant Health Maize Project\corn_pathology_ai-main\dataset_split\test\Blight\Corn_Blight (517).JPG,Correct_Blight,,,,,,,,,,,REFERENCE,"Manually inspect image. Record whether it is a boundary case, severity, image quality, lesion shape, lesion distribution, lesion-boundary visibility, background difficulty, and notes."
Blight,Blight,0.927567,C:\Users\Administrator\Downloads\Plant Health Maize Project\corn_pathology_ai-main\dataset_split\test\Blight\Corn_Blight (769).JPG,Correct_Blight,,,,,,,,,,,REFERENCE,"Manually inspect image. Record whether it is a boundary case, severity, image quality, lesion shape, lesion distribution, lesion-boundary visibility, background difficulty, and notes."
Blight,Blight,0.926754,C:\Users\Administrator\Downloads\Plant Health Maize Project\corn_pathology_ai-main\dataset_split\test\Blight\Corn_Blight (340).JPG,Correct_Blight,,,,,,,,,,,REFERENCE,"Manually inspect image. Record whether it is a boundary case, severity, image quality, lesion shape, lesion distribution, lesion-boundary visibility, background difficulty, and notes."
Blight,Blight,0.92375,C:\Users\Administrator\Downloads\Plant Health Maize Project\corn_pathology_ai-main\dataset_split\test\Blight\Corn_Blight (580).jpg,Correct_Blight,,,,,,,,,,,REFERENCE,"Manually inspect image. Record whether it is a boundary case, severity, image quality, lesion shape, lesion distribution, lesion-boundary visibility, background difficulty, and notes."
Blight,Blight,0.92317,C:\Users\Administrator\Downloads\Plant Health Maize Project\corn_pathology_ai-main\dataset_split\test\Blight\Corn_Blight (921).JPG,Correct_Blight,,,,,,,,,,,REFERENCE,"Manually inspect image. Record whether it is a boundary case, severity, image quality, lesion shape, lesion distribution, lesion-boundary visibility, background difficulty, and notes."
Blight,Blight,0.92083,C:\Users\Administrator\Downloads\Plant Health Maize Project\corn_pathology_ai-main\dataset_split\test\Blight\Corn_Blight (870).JPG,Correct_Blight,,,,,,,,,,,REFERENCE,"Manually inspect image. Record whether it is a boundary case, severity, image quality, lesion shape, lesion distribution, lesion-boundary visibility, background difficulty, and notes."
Blight,Blight,0.917987,C:\Users\Administrator\Downloads\Plant Health Maize Project\corn_pathology_ai-main\dataset_split\test\Blight\Corn_Blight (549).JPG,Correct_Blight,,,,,,,,,,,REFERENCE,"Manually inspect image. Record whether it is a boundary case, severity, image quality, lesion shape, lesion distribution, lesion-boundary visibility, background difficulty, and notes."
Blight,Blight,0.917957,C:\Users\Administrator\Downloads\Plant Health Maize Project\corn_pathology_ai-main\dataset_split\test\Blight\Corn_Blight (1074).JPG,Correct_Blight,,,,,,,,,,,REFERENCE,"Manually inspect image. Record whether it is a boundary case, severity, image quality, lesion shape, lesion distribution, lesion-boundary visibility, background difficulty, and notes."
Blight,Blight,0.916316,C:\Users\Administrator\Downloads\Plant Health Maize Project\corn_pathology_ai-main\dataset_split\test\Blight\Corn_Blight (884).JPG,Correct_Blight,,,,,,,,,,,REFERENCE,"Manually inspect image. Record whether it is a boundary case, severity, image quality, lesion shape, lesion distribution, lesion-boundary visibility, background difficulty, and notes."
Blight,Blight,0.897703,C:\Users\Administrator\Downloads\Plant Health Maize Project\corn_pathology_ai-main\dataset_split\test\Blight\Corn_Blight (586).JPG,Correct_Blight,,,,,,,,,,,REFERENCE,"Manually inspect image. Record whether it is a boundary case, severity, image quality, lesion shape, lesion distribution, lesion-boundary visibility, background difficulty, and notes."
Blight,Blight,0.897475,C:\Users\Administrator\Downloads\Plant Health Maize Project\corn_pathology_ai-main\dataset_split\test\Blight\Corn_Blight (1033).jpg,Correct_Blight,,,,,,,,,,,REFERENCE,"Manually inspect image. Record whether it is a boundary case, severity, image quality, lesion shape, lesion distribution, lesion-boundary visibility, background difficulty, and notes."
Blight,Blight,0.896512,C:\Users\Administrator\Downloads\Plant Health Maize Project\corn_pathology_ai-main\dataset_split\test\Blight\Corn_Blight (892).JPG,Correct_Blight,,,,,,,,,,,REFERENCE,"Manually inspect image. Record whether it is a boundary case, severity, image quality, lesion shape, lesion distribution, lesion-boundary visibility, background difficulty, and notes."
Blight,Blight,0.890965,C:\Users\Administrator\Downloads\Plant Health Maize Project\corn_pathology_ai-main\dataset_split\test\Blight\Corn_Blight (529).JPG,Correct_Blight,,,,,,,,,,,REFERENCE,"Manually inspect image. Record whether it is a boundary case, severity, image quality, lesion shape, lesion distribution, lesion-boundary visibility, background difficulty, and notes."
Blight,Blight,0.886445,C:\Users\Administrator\Downloads\Plant Health Maize Project\corn_pathology_ai-main\dataset_split\test\Blight\Corn_Blight (388).JPG,Correct_Blight,,,,,,,,,,,REFERENCE,"Manually inspect image. Record whether it is a boundary case, severity, image quality, lesion shape, lesion distribution, lesion-boundary visibility, background difficulty, and notes."
Blight,Blight,0.881052,C:\Users\Administrator\Downloads\Plant Health Maize Project\corn_pathology_ai-main\dataset_split\test\Blight\Corn_Blight (1133).jpg,Correct_Blight,,,,,,,,,,,REFERENCE,"Manually inspect image. Record whether it is a boundary case, severity, image quality, lesion shape, lesion distribution, lesion-boundary visibility, background difficulty, and notes."
Blight,Blight,0.876525,C:\Users\Administrator\Downloads\Plant Health Maize Project\corn_pathology_ai-main\dataset_split\test\Blight\Corn_Blight (315).JPG,Correct_Blight,,,,,,,,,,,REFERENCE,"Manually inspect image. Record whether it is a boundary case, severity, image quality, lesion shape, lesion distribution, lesion-boundary visibility, background difficulty, and notes."
Blight,Blight,0.875544,C:\Users\Administrator\Downloads\Plant Health Maize Project\corn_pathology_ai-main\dataset_split\test\Blight\Corn_Blight (693).JPG,Correct_Blight,,,,,,,,,,,REFERENCE,"Manually inspect image. Record whether it is a boundary case, severity, image quality, lesion shape, lesion distribution, lesion-boundary visibility, background difficulty, and notes."
Blight,Blight,0.874655,C:\Users\Administrator\Downloads\Plant Health Maize Project\corn_pathology_ai-main\dataset_split\test\Blight\Corn_Blight (903).JPG,Correct_Blight,,,,,,,,,,,REFERENCE,"Manually inspect image. Record whether it is a boundary case, severity, image quality, lesion shape, lesion distribution, lesion-boundary visibility, background difficulty, and notes."
Blight,Blight,0.874165,C:\Users\Administrator\Downloads\Plant Health Maize Project\corn_pathology_ai-main\dataset_split\test\Blight\Corn_Blight (265).JPG,Correct_Blight,,,,,,,,,,,REFERENCE,"Manually inspect image. Record whether it is a boundary case, severity, image quality, lesion shape, lesion distribution, lesion-boundary visibility, background difficulty, and notes."
Blight,Blight,0.851856,C:\Users\Administrator\Downloads\Plant Health Maize Project\corn_pathology_ai-main\dataset_split\test\Blight\Corn_Blight (705).JPG,Correct_Blight,,,,,,,,,,,REFERENCE,"Manually inspect image. Record whether it is a boundary case, severity, image quality, lesion shape, lesion distribution, lesion-boundary visibility, background difficulty, and notes."
Blight,Blight,0.83204,C:\Users\Administrator\Downloads\Plant Health Maize Project\corn_pathology_ai-main\dataset_split\test\Blight\Corn_Blight (802).JPG,Correct_Blight,,,,,,,,,,,REFERENCE,"Manually inspect image. Record whether it is a boundary case, severity, image quality, lesion shape, lesion distribution, lesion-boundary visibility, background difficulty, and notes."
Blight,Blight,0.831157,C:\Users\Administrator\Downloads\Plant Health Maize Project\corn_pathology_ai-main\dataset_split\test\Blight\Corn_Blight (554).JPG,Correct_Blight,,,,,,,,,,,REFERENCE,"Manually inspect image. Record whether it is a boundary case, severity, image quality, lesion shape, lesion distribution, lesion-boundary visibility, background difficulty, and notes."
Blight,Blight,0.823772,C:\Users\Administrator\Downloads\Plant Health Maize Project\corn_pathology_ai-main\dataset_split\test\Blight\Corn_Blight (1020).JPG,Correct_Blight,,,,,,,,,,,REFERENCE,"Manually inspect image. Record whether it is a boundary case, severity, image quality, lesion shape, lesion distribution, lesion-boundary visibility, background difficulty, and notes."
Blight,Blight,0.808287,C:\Users\Administrator\Downloads\Plant Health Maize Project\corn_pathology_ai-main\dataset_split\test\Blight\Corn_Blight (669).JPG,Correct_Blight,,,,,,,,,,,REFERENCE,"Manually inspect image. Record whether it is a boundary case, severity, image quality, lesion shape, lesion distribution, lesion-boundary visibility, background difficulty, and notes."
Blight,Blight,0.806866,C:\Users\Administrator\Downloads\Plant Health Maize Project\corn_pathology_ai-main\dataset_split\test\Blight\Corn_Blight (624).JPG,Correct_Blight,,,,,,,,,,,REFERENCE,"Manually inspect image. Record whether it is a boundary case, severity, image quality, lesion shape, lesion distribution, lesion-boundary visibility, background difficulty, and notes."
Blight,Blight,0.802863,C:\Users\Administrator\Downloads\Plant Health Maize Project\corn_pathology_ai-main\dataset_split\test\Blight\Corn_Blight (684).JPG,Correct_Blight,,,,,,,,,,,REFERENCE,"Manually inspect image. Record whether it is a boundary case, severity, image quality, lesion shape, lesion distribution, lesion-boundary visibility, background difficulty, and notes."
Blight,Blight,0.802616,C:\Users\Administrator\Downloads\Plant Health Maize Project\corn_pathology_ai-main\dataset_split\test\Blight\Corn_Blight (1115).jpg,Correct_Blight,,,,,,,,,,,REFERENCE,"Manually inspect image. Record whether it is a boundary case, severity, image quality, lesion shape, lesion distribution, lesion-boundary visibility, background difficulty, and notes."
Blight,Blight,0.791553,C:\Users\Administrator\Downloads\Plant Health Maize Project\corn_pathology_ai-main\dataset_split\test\Blight\Corn_Blight (53).jpg,Correct_Blight,,,,,,,,,,,REFERENCE,"Manually inspect image. Record whether it is a boundary case, severity, image quality, lesion shape, lesion distribution, lesion-boundary visibility, background difficulty, and notes."
Blight,Blight,0.787166,C:\Users\Administrator\Downloads\Plant Health Maize Project\corn_pathology_ai-main\dataset_split\test\Blight\Corn_Blight (516).JPG,Correct_Blight,,,,,,,,,,,REFERENCE,"Manually inspect image. Record whether it is a boundary case, severity, image quality, lesion shape, lesion distribution, lesion-boundary visibility, background difficulty, and notes."
Blight,Blight,0.784364,C:\Users\Administrator\Downloads\Plant Health Maize Project\corn_pathology_ai-main\dataset_split\test\Blight\Corn_Blight (251).JPG,Correct_Blight,,,,,,,,,,,REFERENCE,"Manually inspect image. Record whether it is a boundary case, severity, image quality, lesion shape, lesion distribution, lesion-boundary visibility, background difficulty, and notes."
Blight,Blight,0.784054,C:\Users\Administrator\Downloads\Plant Health Maize Project\corn_pathology_ai-main\dataset_split\test\Blight\Corn_Blight (1114).jpg,Correct_Blight,,,,,,,,,,,REFERENCE,"Manually inspect image. Record whether it is a boundary case, severity, image quality, lesion shape, lesion distribution, lesion-boundary visibility, background difficulty, and notes."
Blight,Blight,0.780384,C:\Users\Administrator\Downloads\Plant Health Maize Project\corn_pathology_ai-main\dataset_split\test\Blight\Corn_Blight (899).JPG,Correct_Blight,,,,,,,,,,,REFERENCE,"Manually inspect image. Record whether it is a boundary case, severity, image quality, lesion shape, lesion distribution, lesion-boundary visibility, background difficulty, and notes."
Blight,Blight,0.770496,C:\Users\Administrator\Downloads\Plant Health Maize Project\corn_pathology_ai-main\dataset_split\test\Blight\Corn_Blight (573).JPG,Correct_Blight,,,,,,,,,,,REFERENCE,"Manually inspect image. Record whether it is a boundary case, severity, image quality, lesion shape, lesion distribution, lesion-boundary visibility, background difficulty, and notes."
Blight,Blight,0.764032,C:\Users\Administrator\Downloads\Plant Health Maize Project\corn_pathology_ai-main\dataset_split\test\Blight\Corn_Blight (944).JPG,Correct_Blight,,,,,,,,,,,REFERENCE,"Manually inspect image. Record whether it is a boundary case, severity, image quality, lesion shape, lesion distribution, lesion-boundary visibility, background difficulty, and notes."
Blight,Blight,0.757325,C:\Users\Administrator\Downloads\Plant Health Maize Project\corn_pathology_ai-main\dataset_split\test\Blight\Corn_Blight (476).JPG,Correct_Blight,,,,,,,,,,,REFERENCE,"Manually inspect image. Record whether it is a boundary case, severity, image quality, lesion shape, lesion distribution, lesion-boundary visibility, background difficulty, and notes."
Blight,Blight,0.751686,C:\Users\Administrator\Downloads\Plant Health Maize Project\corn_pathology_ai-main\dataset_split\test\Blight\Corn_Blight (227).JPG,Correct_Blight,,,,,,,,,,,REFERENCE,"Manually inspect image. Record whether it is a boundary case, severity, image quality, lesion shape, lesion distribution, lesion-boundary visibility, background difficulty, and notes."
Blight,Blight,0.704009,C:\Users\Administrator\Downloads\Plant Health Maize Project\corn_pathology_ai-main\dataset_split\test\Blight\Corn_Blight (97).jpg,Correct_Blight,,,,,,,,,,,REFERENCE,"Manually inspect image. Record whether it is a boundary case, severity, image quality, lesion shape, lesion distribution, lesion-boundary visibility, background difficulty, and notes."
Blight,Blight,0.698765,C:\Users\Administrator\Downloads\Plant Health Maize Project\corn_pathology_ai-main\dataset_split\test\Blight\Corn_Blight (281).JPG,Correct_Blight,,,,,,,,,,,REFERENCE,"Manually inspect image. Record whether it is a boundary case, severity, image quality, lesion shape, lesion distribution, lesion-boundary visibility, background difficulty, and notes."
Blight,Blight,0.694135,C:\Users\Administrator\Downloads\Plant Health Maize Project\corn_pathology_ai-main\dataset_split\test\Blight\Corn_Blight (917).JPG,Correct_Blight,,,,,,,,,,,REFERENCE,"Manually inspect image. Record whether it is a boundary case, severity, image quality, lesion shape, lesion distribution, lesion-boundary visibility, background difficulty, and notes."
Blight,Blight,0.664039,C:\Users\Administrator\Downloads\Plant Health Maize Project\corn_pathology_ai-main\dataset_split\test\Blight\Corn_Blight (484).JPG,Correct_Blight,,,,,,,,,,,REFERENCE,"Manually inspect image. Record whether it is a boundary case, severity, image quality, lesion shape, lesion distribution, lesion-boundary visibility, background difficulty, and notes."
Blight,Blight,0.649087,C:\Users\Administrator\Downloads\Plant Health Maize Project\corn_pathology_ai-main\dataset_split\test\Blight\Corn_Blight (175).jpg,Correct_Blight,,,,,,,,,,,REFERENCE,"Manually inspect image. Record whether it is a boundary case, severity, image quality, lesion shape, lesion distribution, lesion-boundary visibility, background difficulty, and notes."
Blight,Blight,0.648802,C:\Users\Administrator\Downloads\Plant Health Maize Project\corn_pathology_ai-main\dataset_split\test\Blight\Corn_Blight (537).JPG,Correct_Blight,,,,,,,,,,,REFERENCE,"Manually inspect image. Record whether it is a boundary case, severity, image quality, lesion shape, lesion distribution, lesion-boundary visibility, background difficulty, and notes."
Blight,Blight,0.639521,C:\Users\Administrator\Downloads\Plant Health Maize Project\corn_pathology_ai-main\dataset_split\test\Blight\Corn_Blight (165).jpg,Correct_Blight,,,,,,,,,,,REFERENCE,"Manually inspect image. Record whether it is a boundary case, severity, image quality, lesion shape, lesion distribution, lesion-boundary visibility, background difficulty, and notes."
Blight,Blight,0.627759,C:\Users\Administrator\Downloads\Plant Health Maize Project\corn_pathology_ai-main\dataset_split\test\Blight\Corn_Blight (420).JPG,Correct_Blight,,,,,,,,,,,REFERENCE,"Manually inspect image. Record whether it is a boundary case, severity, image quality, lesion shape, lesion distribution, lesion-boundary visibility, background difficulty, and notes."
Blight,Blight,0.623321,C:\Users\Administrator\Downloads\Plant Health Maize Project\corn_pathology_ai-main\dataset_split\test\Blight\Corn_Blight (716).JPG,Correct_Blight,,,,,,,,,,,REFERENCE,"Manually inspect image. Record whether it is a boundary case, severity, image quality, lesion shape, lesion distribution, lesion-boundary visibility, background difficulty, and notes."
Blight,Blight,0.622178,C:\Users\Administrator\Downloads\Plant Health Maize Project\corn_pathology_ai-main\dataset_split\test\Blight\Corn_Blight (1119).jpg,Correct_Blight,,,,,,,,,,,REFERENCE,"Manually inspect image. Record whether it is a boundary case, severity, image quality, lesion shape, lesion distribution, lesion-boundary visibility, background difficulty, and notes."
Blight,Blight,0.612768,C:\Users\Administrator\Downloads\Plant Health Maize Project\corn_pathology_ai-main\dataset_split\test\Blight\Corn_Blight (1021).JPG,Correct_Blight,,,,,,,,,,,REFERENCE,"Manually inspect image. Record whether it is a boundary case, severity, image quality, lesion shape, lesion distribution, lesion-boundary visibility, background difficulty, and notes."
Blight,Blight,0.598892,C:\Users\Administrator\Downloads\Plant Health Maize Project\corn_pathology_ai-main\dataset_split\test\Blight\Corn_Blight (44).jpg,Correct_Blight,,,,,,,,,,,REFERENCE,"Manually inspect image. Record whether it is a boundary case, severity, image quality, lesion shape, lesion distribution, lesion-boundary visibility, background difficulty, and notes."
Blight,Blight,0.590392,C:\Users\Administrator\Downloads\Plant Health Maize Project\corn_pathology_ai-main\dataset_split\test\Blight\Corn_Blight (938).JPG,Correct_Blight,,,,,,,,,,,REFERENCE,"Manually inspect image. Record whether it is a boundary case, severity, image quality, lesion shape, lesion distribution, lesion-boundary visibility, background difficulty, and notes."
Blight,Blight,0.588894,C:\Users\Administrator\Downloads\Plant Health Maize Project\corn_pathology_ai-main\dataset_split\test\Blight\Corn_Blight (722).JPG,Correct_Blight,,,,,,,,,,,REFERENCE,"Manually inspect image. Record whether it is a boundary case, severity, image quality, lesion shape, lesion distribution, lesion-boundary visibility, background difficulty, and notes."
Blight,Blight,0.576272,C:\Users\Administrator\Downloads\Plant Health Maize Project\corn_pathology_ai-main\dataset_split\test\Blight\Corn_Blight (154).JPG,Correct_Blight,,,,,,,,,,,REFERENCE,"Manually inspect image. Record whether it is a boundary case, severity, image quality, lesion shape, lesion distribution, lesion-boundary visibility, background difficulty, and notes."
Blight,Blight,0.570626,C:\Users\Administrator\Downloads\Plant Health Maize Project\corn_pathology_ai-main\dataset_split\test\Blight\Corn_Blight (14).jpg,Correct_Blight,,,,,,,,,,,REFERENCE,"Manually inspect image. Record whether it is a boundary case, severity, image quality, lesion shape, lesion distribution, lesion-boundary visibility, background difficulty, and notes."
Blight,Blight,0.57038,C:\Users\Administrator\Downloads\Plant Health Maize Project\corn_pathology_ai-main\dataset_split\test\Blight\Corn_Blight (67).jpg,Correct_Blight,,,,,,,,,,,REFERENCE,"Manually inspect image. Record whether it is a boundary case, severity, image quality, lesion shape, lesion distribution, lesion-boundary visibility, background difficulty, and notes."
Blight,Blight,0.552952,C:\Users\Administrator\Downloads\Plant Health Maize Project\corn_pathology_ai-main\dataset_split\test\Blight\Corn_Blight (985).JPG,Correct_Blight,,,,,,,,,,,REFERENCE,"Manually inspect image. Record whether it is a boundary case, severity, image quality, lesion shape, lesion distribution, lesion-boundary visibility, background difficulty, and notes."
Blight,Blight,0.549789,C:\Users\Administrator\Downloads\Plant Health Maize Project\corn_pathology_ai-main\dataset_split\test\Blight\Corn_Blight (1105).jpg,Correct_Blight,,,,,,,,,,,REFERENCE,"Manually inspect image. Record whether it is a boundary case, severity, image quality, lesion shape, lesion distribution, lesion-boundary visibility, background difficulty, and notes."
Blight,Blight,0.547175,C:\Users\Administrator\Downloads\Plant Health Maize Project\corn_pathology_ai-main\dataset_split\test\Blight\Corn_Blight (21).jpg,Correct_Blight,,,,,,,,,,,REFERENCE,"Manually inspect image. Record whether it is a boundary case, severity, image quality, lesion shape, lesion distribution, lesion-boundary visibility, background difficulty, and notes."
Blight,Blight,0.546191,C:\Users\Administrator\Downloads\Plant Health Maize Project\corn_pathology_ai-main\dataset_split\test\Blight\Corn_Blight (280).JPG,Correct_Blight,,,,,,,,,,,REFERENCE,"Manually inspect image. Record whether it is a boundary case, severity, image quality, lesion shape, lesion distribution, lesion-boundary visibility, background difficulty, and notes."
Blight,Blight,0.542957,C:\Users\Administrator\Downloads\Plant Health Maize Project\corn_pathology_ai-main\dataset_split\test\Blight\Corn_Blight (782).JPG,Correct_Blight,,,,,,,,,,,REFERENCE,"Manually inspect image. Record whether it is a boundary case, severity, image quality, lesion shape, lesion distribution, lesion-boundary visibility, background difficulty, and notes."
Blight,Blight,0.523387,C:\Users\Administrator\Downloads\Plant Health Maize Project\corn_pathology_ai-main\dataset_split\test\Blight\Corn_Blight (86).jpg,Correct_Blight,,,,,,,,,,,REFERENCE,"Manually inspect image. Record whether it is a boundary case, severity, image quality, lesion shape, lesion distribution, lesion-boundary visibility, background difficulty, and notes."
Blight,Blight,0.51825,C:\Users\Administrator\Downloads\Plant Health Maize Project\corn_pathology_ai-main\dataset_split\test\Blight\Corn_Blight (777).JPG,Correct_Blight,,,,,,,,,,,REFERENCE,"Manually inspect image. Record whether it is a boundary case, severity, image quality, lesion shape, lesion distribution, lesion-boundary visibility, background difficulty, and notes."
Blight,Blight,0.517155,C:\Users\Administrator\Downloads\Plant Health Maize Project\corn_pathology_ai-main\dataset_split\test\Blight\Corn_Blight (103).jpg,Correct_Blight,,,,,,,,,,,REFERENCE,"Manually inspect image. Record whether it is a boundary case, severity, image quality, lesion shape, lesion distribution, lesion-boundary visibility, background difficulty, and notes."
Blight,Blight,0.506443,C:\Users\Administrator\Downloads\Plant Health Maize Project\corn_pathology_ai-main\dataset_split\test\Blight\Corn_Blight (55).jpg,Correct_Blight,,,,,,,,,,,REFERENCE,"Manually inspect image. Record whether it is a boundary case, severity, image quality, lesion shape, lesion distribution, lesion-boundary visibility, background difficulty, and notes."
Blight,Blight,0.463085,C:\Users\Administrator\Downloads\Plant Health Maize Project\corn_pathology_ai-main\dataset_split\test\Blight\Corn_Blight (1134).jpg,Correct_Blight,,,,,,,,,,,REFERENCE,"Manually inspect image. Record whether it is a boundary case, severity, image quality, lesion shape, lesion distribution, lesion-boundary visibility, background difficulty, and notes."
Blight,Blight,0.460821,C:\Users\Administrator\Downloads\Plant Health Maize Project\corn_pathology_ai-main\dataset_split\test\Blight\Corn_Blight (1109).jpg,Correct_Blight,,,,,,,,,,,REFERENCE,"Manually inspect image. Record whether it is a boundary case, severity, image quality, lesion shape, lesion distribution, lesion-boundary visibility, background difficulty, and notes."
Blight,Blight,0.444155,C:\Users\Administrator\Downloads\Plant Health Maize Project\corn_pathology_ai-main\dataset_split\test\Blight\Corn_Blight (107).jpg,Correct_Blight,,,,,,,,,,,REFERENCE,"Manually inspect image. Record whether it is a boundary case, severity, image quality, lesion shape, lesion distribution, lesion-boundary visibility, background difficulty, and notes."
Blight,Blight,0.432648,C:\Users\Administrator\Downloads\Plant Health Maize Project\corn_pathology_ai-main\dataset_split\test\Blight\Corn_Blight (85).jpg,Correct_Blight,,,,,,,,,,,REFERENCE,"Manually inspect image. Record whether it is a boundary case, severity, image quality, lesion shape, lesion distribution, lesion-boundary visibility, background difficulty, and notes."
Blight,Blight,0.426697,C:\Users\Administrator\Downloads\Plant Health Maize Project\corn_pathology_ai-main\dataset_split\test\Blight\Corn_Blight (1141).jpg,Correct_Blight,,,,,,,,,,,REFERENCE,"Manually inspect image. Record whether it is a boundary case, severity, image quality, lesion shape, lesion distribution, lesion-boundary visibility, background difficulty, and notes."
Blight,Blight,0.407916,C:\Users\Administrator\Downloads\Plant Health Maize Project\corn_pathology_ai-main\dataset_split\test\Blight\Corn_Blight (1108).jpg,Correct_Blight,,,,,,,,,,,REFERENCE,"Manually inspect image. Record whether it is a boundary case, severity, image quality, lesion shape, lesion distribution, lesion-boundary visibility, background difficulty, and notes."
Blight,Blight,0.368523,C:\Users\Administrator\Downloads\Plant Health Maize Project\corn_pathology_ai-main\dataset_split\test\Blight\Corn_Blight (1127).jpg,Correct_Blight,,,,,,,,,,,REFERENCE,"Manually inspect image. Record whether it is a boundary case, severity, image quality, lesion shape, lesion distribution, lesion-boundary visibility, background difficulty, and notes."
Blight,Blight,0.366305,C:\Users\Administrator\Downloads\Plant Health Maize Project\corn_pathology_ai-main\dataset_split\test\Blight\Corn_Blight (739).JPG,Correct_Blight,,,,,,,,,,,REFERENCE,"Manually inspect image. Record whether it is a boundary case, severity, image quality, lesion shape, lesion distribution, lesion-boundary visibility, background difficulty, and notes."
Gray_Leaf_Spot,Gray_Leaf_Spot,0.997425,C:\Users\Administrator\Downloads\Plant Health Maize Project\corn_pathology_ai-main\dataset_split\test\Gray_Leaf_Spot\Corn_Gray_Spot (108).JPG,Correct_Gray,,,,,,,,,,,REFERENCE,"Manually inspect image. Record whether it is a boundary case, severity, image quality, lesion shape, lesion distribution, lesion-boundary visibility, background difficulty, and notes."
Gray_Leaf_Spot,Gray_Leaf_Spot,0.995682,C:\Users\Administrator\Downloads\Plant Health Maize Project\corn_pathology_ai-main\dataset_split\test\Gray_Leaf_Spot\Corn_Gray_Spot (539).JPG,Correct_Gray,,,,,,,,,,,REFERENCE,"Manually inspect image. Record whether it is a boundary case, severity, image quality, lesion shape, lesion distribution, lesion-boundary visibility, background difficulty, and notes."
Gray_Leaf_Spot,Gray_Leaf_Spot,0.995125,C:\Users\Administrator\Downloads\Plant Health Maize Project\corn_pathology_ai-main\dataset_split\test\Gray_Leaf_Spot\Corn_Gray_Spot (234).JPG,Correct_Gray,,,,,,,,,,,REFERENCE,"Manually inspect image. Record whether it is a boundary case, severity, image quality, lesion shape, lesion distribution, lesion-boundary visibility, background difficulty, and notes."
Gray_Leaf_Spot,Gray_Leaf_Spot,0.993393,C:\Users\Administrator\Downloads\Plant Health Maize Project\corn_pathology_ai-main\dataset_split\test\Gray_Leaf_Spot\Corn_Gray_Spot (119).JPG,Correct_Gray,,,,,,,,,,,REFERENCE,"Manually inspect image. Record whether it is a boundary case, severity, image quality, lesion shape, lesion distribution, lesion-boundary visibility, background difficulty, and notes."
Gray_Leaf_Spot,Gray_Leaf_Spot,0.992981,C:\Users\Administrator\Downloads\Plant Health Maize Project\corn_pathology_ai-main\dataset_split\test\Gray_Leaf_Spot\Corn_Gray_Spot (87).JPG,Correct_Gray,,,,,,,,,,,REFERENCE,"Manually inspect image. Record whether it is a boundary case, severity, image quality, lesion shape, lesion distribution, lesion-boundary visibility, background difficulty, and notes."
Gray_Leaf_Spot,Gray_Leaf_Spot,0.991305,C:\Users\Administrator\Downloads\Plant Health Maize Project\corn_pathology_ai-main\dataset_split\test\Gray_Leaf_Spot\Corn_Gray_Spot (69).JPG,Correct_Gray,,,,,,,,,,,REFERENCE,"Manually inspect image. Record whether it is a boundary case, severity, image quality, lesion shape, lesion distribution, lesion-boundary visibility, background difficulty, and notes."
Gray_Leaf_Spot,Gray_Leaf_Spot,0.990973,C:\Users\Administrator\Downloads\Plant Health Maize Project\corn_pathology_ai-main\dataset_split\test\Gray_Leaf_Spot\Corn_Gray_Spot (492).JPG,Correct_Gray,,,,,,,,,,,REFERENCE,"Manually inspect image. Record whether it is a boundary case, severity, image quality, lesion shape, lesion distribution, lesion-boundary visibility, background difficulty, and notes."
Gray_Leaf_Spot,Gray_Leaf_Spot,0.989889,C:\Users\Administrator\Downloads\Plant Health Maize Project\corn_pathology_ai-main\dataset_split\test\Gray_Leaf_Spot\Corn_Gray_Spot (554).JPG,Correct_Gray,,,,,,,,,,,REFERENCE,"Manually inspect image. Record whether it is a boundary case, severity, image quality, lesion shape, lesion distribution, lesion-boundary visibility, background difficulty, and notes."
Gray_Leaf_Spot,Gray_Leaf_Spot,0.988754,C:\Users\Administrator\Downloads\Plant Health Maize Project\corn_pathology_ai-main\dataset_split\test\Gray_Leaf_Spot\Corn_Gray_Spot (343).JPG,Correct_Gray,,,,,,,,,,,REFERENCE,"Manually inspect image. Record whether it is a boundary case, severity, image quality, lesion shape, lesion distribution, lesion-boundary visibility, background difficulty, and notes."
Gray_Leaf_Spot,Gray_Leaf_Spot,0.988439,C:\Users\Administrator\Downloads\Plant Health Maize Project\corn_pathology_ai-main\dataset_split\test\Gray_Leaf_Spot\Corn_Gray_Spot (309).JPG,Correct_Gray,,,,,,,,,,,REFERENCE,"Manually inspect image. Record whether it is a boundary case, severity, image quality, lesion shape, lesion distribution, lesion-boundary visibility, background difficulty, and notes."
Gray_Leaf_Spot,Gray_Leaf_Spot,0.988132,C:\Users\Administrator\Downloads\Plant Health Maize Project\corn_pathology_ai-main\dataset_split\test\Gray_Leaf_Spot\Corn_Gray_Spot (105).JPG,Correct_Gray,,,,,,,,,,,REFERENCE,"Manually inspect image. Record whether it is a boundary case, severity, image quality, lesion shape, lesion distribution, lesion-boundary visibility, background difficulty, and notes."
Gray_Leaf_Spot,Gray_Leaf_Spot,0.984462,C:\Users\Administrator\Downloads\Plant Health Maize Project\corn_pathology_ai-main\dataset_split\test\Gray_Leaf_Spot\Corn_Gray_Spot (142).JPG,Correct_Gray,,,,,,,,,,,REFERENCE,"Manually inspect image. Record whether it is a boundary case, severity, image quality, lesion shape, lesion distribution, lesion-boundary visibility, background difficulty, and notes."
Gray_Leaf_Spot,Gray_Leaf_Spot,0.980976,C:\Users\Administrator\Downloads\Plant Health Maize Project\corn_pathology_ai-main\dataset_split\test\Gray_Leaf_Spot\Corn_Gray_Spot (95).JPG,Correct_Gray,,,,,,,,,,,REFERENCE,"Manually inspect image. Record whether it is a boundary case, severity, image quality, lesion shape, lesion distribution, lesion-boundary visibility, background difficulty, and notes."
Gray_Leaf_Spot,Gray_Leaf_Spot,0.979156,C:\Users\Administrator\Downloads\Plant Health Maize Project\corn_pathology_ai-main\dataset_split\test\Gray_Leaf_Spot\Corn_Gray_Spot (82).JPG,Correct_Gray,,,,,,,,,,,REFERENCE,"Manually inspect image. Record whether it is a boundary case, severity, image quality, lesion shape, lesion distribution, lesion-boundary visibility, background difficulty, and notes."
Gray_Leaf_Spot,Gray_Leaf_Spot,0.978797,C:\Users\Administrator\Downloads\Plant Health Maize Project\corn_pathology_ai-main\dataset_split\test\Gray_Leaf_Spot\Corn_Gray_Spot (365).JPG,Correct_Gray,,,,,,,,,,,REFERENCE,"Manually inspect image. Record whether it is a boundary case, severity, image quality, lesion shape, lesion distribution, lesion-boundary visibility, background difficulty, and notes."
Gray_Leaf_Spot,Gray_Leaf_Spot,0.977409,C:\Users\Administrator\Downloads\Plant Health Maize Project\corn_pathology_ai-main\dataset_split\test\Gray_Leaf_Spot\Corn_Gray_Spot (251).jpg,Correct_Gray,,,,,,,,,,,REFERENCE,"Manually inspect image. Record whether it is a boundary case, severity, image quality, lesion shape, lesion distribution, lesion-boundary visibility, background difficulty, and notes."
Gray_Leaf_Spot,Gray_Leaf_Spot,0.976823,C:\Users\Administrator\Downloads\Plant Health Maize Project\corn_pathology_ai-main\dataset_split\test\Gray_Leaf_Spot\Corn_Gray_Spot (125).jpg,Correct_Gray,,,,,,,,,,,REFERENCE,"Manually inspect image. Record whether it is a boundary case, severity, image quality, lesion shape, lesion distribution, lesion-boundary visibility, background difficulty, and notes."
Gray_Leaf_Spot,Gray_Leaf_Spot,0.973251,C:\Users\Administrator\Downloads\Plant Health Maize Project\corn_pathology_ai-main\dataset_split\test\Gray_Leaf_Spot\Corn_Gray_Spot (210).JPG,Correct_Gray,,,,,,,,,,,REFERENCE,"Manually inspect image. Record whether it is a boundary case, severity, image quality, lesion shape, lesion distribution, lesion-boundary visibility, background difficulty, and notes."
Gray_Leaf_Spot,Gray_Leaf_Spot,0.972122,C:\Users\Administrator\Downloads\Plant Health Maize Project\corn_pathology_ai-main\dataset_split\test\Gray_Leaf_Spot\Corn_Gray_Spot (235).JPG,Correct_Gray,,,,,,,,,,,REFERENCE,"Manually inspect image. Record whether it is a boundary case, severity, image quality, lesion shape, lesion distribution, lesion-boundary visibility, background difficulty, and notes."
Gray_Leaf_Spot,Gray_Leaf_Spot,0.97078,C:\Users\Administrator\Downloads\Plant Health Maize Project\corn_pathology_ai-main\dataset_split\test\Gray_Leaf_Spot\Corn_Gray_Spot (329).JPG,Correct_Gray,,,,,,,,,,,REFERENCE,"Manually inspect image. Record whether it is a boundary case, severity, image quality, lesion shape, lesion distribution, lesion-boundary visibility, background difficulty, and notes."
Gray_Leaf_Spot,Gray_Leaf_Spot,0.969474,C:\Users\Administrator\Downloads\Plant Health Maize Project\corn_pathology_ai-main\dataset_split\test\Gray_Leaf_Spot\Corn_Gray_Spot (83).JPG,Correct_Gray,,,,,,,,,,,REFERENCE,"Manually inspect image. Record whether it is a boundary case, severity, image quality, lesion shape, lesion distribution, lesion-boundary visibility, background difficulty, and notes."
Gray_Leaf_Spot,Gray_Leaf_Spot,0.967268,C:\Users\Administrator\Downloads\Plant Health Maize Project\corn_pathology_ai-main\dataset_split\test\Gray_Leaf_Spot\Corn_Gray_Spot (491).JPG,Correct_Gray,,,,,,,,,,,REFERENCE,"Manually inspect image. Record whether it is a boundary case, severity, image quality, lesion shape, lesion distribution, lesion-boundary visibility, background difficulty, and notes."
Gray_Leaf_Spot,Gray_Leaf_Spot,0.966195,C:\Users\Administrator\Downloads\Plant Health Maize Project\corn_pathology_ai-main\dataset_split\test\Gray_Leaf_Spot\Corn_Gray_Spot (457).JPG,Correct_Gray,,,,,,,,,,,REFERENCE,"Manually inspect image. Record whether it is a boundary case, severity, image quality, lesion shape, lesion distribution, lesion-boundary visibility, background difficulty, and notes."
Gray_Leaf_Spot,Gray_Leaf_Spot,0.965402,C:\Users\Administrator\Downloads\Plant Health Maize Project\corn_pathology_ai-main\dataset_split\test\Gray_Leaf_Spot\Corn_Gray_Spot (383).JPG,Correct_Gray,,,,,,,,,,,REFERENCE,"Manually inspect image. Record whether it is a boundary case, severity, image quality, lesion shape, lesion distribution, lesion-boundary visibility, background difficulty, and notes."
Gray_Leaf_Spot,Gray_Leaf_Spot,0.965361,C:\Users\Administrator\Downloads\Plant Health Maize Project\corn_pathology_ai-main\dataset_split\test\Gray_Leaf_Spot\Corn_Gray_Spot (177).JPG,Correct_Gray,,,,,,,,,,,REFERENCE,"Manually inspect image. Record whether it is a boundary case, severity, image quality, lesion shape, lesion distribution, lesion-boundary visibility, background difficulty, and notes."
Gray_Leaf_Spot,Gray_Leaf_Spot,0.96215,C:\Users\Administrator\Downloads\Plant Health Maize Project\corn_pathology_ai-main\dataset_split\test\Gray_Leaf_Spot\Corn_Gray_Spot (100).JPG,Correct_Gray,,,,,,,,,,,REFERENCE,"Manually inspect image. Record whether it is a boundary case, severity, image quality, lesion shape, lesion distribution, lesion-boundary visibility, background difficulty, and notes."
Gray_Leaf_Spot,Gray_Leaf_Spot,0.954505,C:\Users\Administrator\Downloads\Plant Health Maize Project\corn_pathology_ai-main\dataset_split\test\Gray_Leaf_Spot\Corn_Gray_Spot (464).JPG,Correct_Gray,,,,,,,,,,,REFERENCE,"Manually inspect image. Record whether it is a boundary case, severity, image quality, lesion shape, lesion distribution, lesion-boundary visibility, background difficulty, and notes."
Gray_Leaf_Spot,Gray_Leaf_Spot,0.953763,C:\Users\Administrator\Downloads\Plant Health Maize Project\corn_pathology_ai-main\dataset_split\test\Gray_Leaf_Spot\Corn_Gray_Spot (481).JPG,Correct_Gray,,,,,,,,,,,REFERENCE,"Manually inspect image. Record whether it is a boundary case, severity, image quality, lesion shape, lesion distribution, lesion-boundary visibility, background difficulty, and notes."
Gray_Leaf_Spot,Gray_Leaf_Spot,0.953606,C:\Users\Administrator\Downloads\Plant Health Maize Project\corn_pathology_ai-main\dataset_split\test\Gray_Leaf_Spot\Corn_Gray_Spot (334).JPG,Correct_Gray,,,,,,,,,,,REFERENCE,"Manually inspect image. Record whether it is a boundary case, severity, image quality, lesion shape, lesion distribution, lesion-boundary visibility, background difficulty, and notes."
Gray_Leaf_Spot,Gray_Leaf_Spot,0.944366,C:\Users\Administrator\Downloads\Plant Health Maize Project\corn_pathology_ai-main\dataset_split\test\Gray_Leaf_Spot\Corn_Gray_Spot (558).JPG,Correct_Gray,,,,,,,,,,,REFERENCE,"Manually inspect image. Record whether it is a boundary case, severity, image quality, lesion shape, lesion distribution, lesion-boundary visibility, background difficulty, and notes."
Gray_Leaf_Spot,Gray_Leaf_Spot,0.938685,C:\Users\Administrator\Downloads\Plant Health Maize Project\corn_pathology_ai-main\dataset_split\test\Gray_Leaf_Spot\Corn_Gray_Spot (206).JPG,Correct_Gray,,,,,,,,,,,REFERENCE,"Manually inspect image. Record whether it is a boundary case, severity, image quality, lesion shape, lesion distribution, lesion-boundary visibility, background difficulty, and notes."
Gray_Leaf_Spot,Gray_Leaf_Spot,0.937189,C:\Users\Administrator\Downloads\Plant Health Maize Project\corn_pathology_ai-main\dataset_split\test\Gray_Leaf_Spot\Corn_Gray_Spot (467).JPG,Correct_Gray,,,,,,,,,,,REFERENCE,"Manually inspect image. Record whether it is a boundary case, severity, image quality, lesion shape, lesion distribution, lesion-boundary visibility, background difficulty, and notes."
Gray_Leaf_Spot,Gray_Leaf_Spot,0.931532,C:\Users\Administrator\Downloads\Plant Health Maize Project\corn_pathology_ai-main\dataset_split\test\Gray_Leaf_Spot\Corn_Gray_Spot (468).JPG,Correct_Gray,,,,,,,,,,,REFERENCE,"Manually inspect image. Record whether it is a boundary case, severity, image quality, lesion shape, lesion distribution, lesion-boundary visibility, background difficulty, and notes."
Gray_Leaf_Spot,Gray_Leaf_Spot,0.929385,C:\Users\Administrator\Downloads\Plant Health Maize Project\corn_pathology_ai-main\dataset_split\test\Gray_Leaf_Spot\Corn_Gray_Spot (516).JPG,Correct_Gray,,,,,,,,,,,REFERENCE,"Manually inspect image. Record whether it is a boundary case, severity, image quality, lesion shape, lesion distribution, lesion-boundary visibility, background difficulty, and notes."
Gray_Leaf_Spot,Gray_Leaf_Spot,0.929192,C:\Users\Administrator\Downloads\Plant Health Maize Project\corn_pathology_ai-main\dataset_split\test\Gray_Leaf_Spot\Corn_Gray_Spot (216).jpg,Correct_Gray,,,,,,,,,,,REFERENCE,"Manually inspect image. Record whether it is a boundary case, severity, image quality, lesion shape, lesion distribution, lesion-boundary visibility, background difficulty, and notes."
Gray_Leaf_Spot,Gray_Leaf_Spot,0.928107,C:\Users\Administrator\Downloads\Plant Health Maize Project\corn_pathology_ai-main\dataset_split\test\Gray_Leaf_Spot\Corn_Gray_Spot (264).JPG,Correct_Gray,,,,,,,,,,,REFERENCE,"Manually inspect image. Record whether it is a boundary case, severity, image quality, lesion shape, lesion distribution, lesion-boundary visibility, background difficulty, and notes."
Gray_Leaf_Spot,Gray_Leaf_Spot,0.927268,C:\Users\Administrator\Downloads\Plant Health Maize Project\corn_pathology_ai-main\dataset_split\test\Gray_Leaf_Spot\Corn_Gray_Spot (549).JPG,Correct_Gray,,,,,,,,,,,REFERENCE,"Manually inspect image. Record whether it is a boundary case, severity, image quality, lesion shape, lesion distribution, lesion-boundary visibility, background difficulty, and notes."
Gray_Leaf_Spot,Gray_Leaf_Spot,0.925257,C:\Users\Administrator\Downloads\Plant Health Maize Project\corn_pathology_ai-main\dataset_split\test\Gray_Leaf_Spot\Corn_Gray_Spot (429).JPG,Correct_Gray,,,,,,,,,,,REFERENCE,"Manually inspect image. Record whether it is a boundary case, severity, image quality, lesion shape, lesion distribution, lesion-boundary visibility, background difficulty, and notes."
Gray_Leaf_Spot,Gray_Leaf_Spot,0.923682,C:\Users\Administrator\Downloads\Plant Health Maize Project\corn_pathology_ai-main\dataset_split\test\Gray_Leaf_Spot\Corn_Gray_Spot (371).JPG,Correct_Gray,,,,,,,,,,,REFERENCE,"Manually inspect image. Record whether it is a boundary case, severity, image quality, lesion shape, lesion distribution, lesion-boundary visibility, background difficulty, and notes."
Gray_Leaf_Spot,Gray_Leaf_Spot,0.923155,C:\Users\Administrator\Downloads\Plant Health Maize Project\corn_pathology_ai-main\dataset_split\test\Gray_Leaf_Spot\Corn_Gray_Spot (207).JPG,Correct_Gray,,,,,,,,,,,REFERENCE,"Manually inspect image. Record whether it is a boundary case, severity, image quality, lesion shape, lesion distribution, lesion-boundary visibility, background difficulty, and notes."
Gray_Leaf_Spot,Gray_Leaf_Spot,0.920751,C:\Users\Administrator\Downloads\Plant Health Maize Project\corn_pathology_ai-main\dataset_split\test\Gray_Leaf_Spot\Corn_Gray_Spot (504).JPG,Correct_Gray,,,,,,,,,,,REFERENCE,"Manually inspect image. Record whether it is a boundary case, severity, image quality, lesion shape, lesion distribution, lesion-boundary visibility, background difficulty, and notes."
Gray_Leaf_Spot,Gray_Leaf_Spot,0.92,C:\Users\Administrator\Downloads\Plant Health Maize Project\corn_pathology_ai-main\dataset_split\test\Gray_Leaf_Spot\Corn_Gray_Spot (313).JPG,Correct_Gray,,,,,,,,,,,REFERENCE,"Manually inspect image. Record whether it is a boundary case, severity, image quality, lesion shape, lesion distribution, lesion-boundary visibility, background difficulty, and notes."
Gray_Leaf_Spot,Gray_Leaf_Spot,0.919877,C:\Users\Administrator\Downloads\Plant Health Maize Project\corn_pathology_ai-main\dataset_split\test\Gray_Leaf_Spot\Corn_Gray_Spot (52).jpg,Correct_Gray,,,,,,,,,,,REFERENCE,"Manually inspect image. Record whether it is a boundary case, severity, image quality, lesion shape, lesion distribution, lesion-boundary visibility, background difficulty, and notes."
Gray_Leaf_Spot,Gray_Leaf_Spot,0.919608,C:\Users\Administrator\Downloads\Plant Health Maize Project\corn_pathology_ai-main\dataset_split\test\Gray_Leaf_Spot\Corn_Gray_Spot (253).JPG,Correct_Gray,,,,,,,,,,,REFERENCE,"Manually inspect image. Record whether it is a boundary case, severity, image quality, lesion shape, lesion distribution, lesion-boundary visibility, background difficulty, and notes."
Gray_Leaf_Spot,Gray_Leaf_Spot,0.918951,C:\Users\Administrator\Downloads\Plant Health Maize Project\corn_pathology_ai-main\dataset_split\test\Gray_Leaf_Spot\Corn_Gray_Spot (200).JPG,Correct_Gray,,,,,,,,,,,REFERENCE,"Manually inspect image. Record whether it is a boundary case, severity, image quality, lesion shape, lesion distribution, lesion-boundary visibility, background difficulty, and notes."
Gray_Leaf_Spot,Gray_Leaf_Spot,0.913634,C:\Users\Administrator\Downloads\Plant Health Maize Project\corn_pathology_ai-main\dataset_split\test\Gray_Leaf_Spot\Corn_Gray_Spot (340).JPG,Correct_Gray,,,,,,,,,,,REFERENCE,"Manually inspect image. Record whether it is a boundary case, severity, image quality, lesion shape, lesion distribution, lesion-boundary visibility, background difficulty, and notes."
Gray_Leaf_Spot,Gray_Leaf_Spot,0.911285,C:\Users\Administrator\Downloads\Plant Health Maize Project\corn_pathology_ai-main\dataset_split\test\Gray_Leaf_Spot\Corn_Gray_Spot (302).JPG,Correct_Gray,,,,,,,,,,,REFERENCE,"Manually inspect image. Record whether it is a boundary case, severity, image quality, lesion shape, lesion distribution, lesion-boundary visibility, background difficulty, and notes."
Gray_Leaf_Spot,Gray_Leaf_Spot,0.896814,C:\Users\Administrator\Downloads\Plant Health Maize Project\corn_pathology_ai-main\dataset_split\test\Gray_Leaf_Spot\Corn_Gray_Spot (423).JPG,Correct_Gray,,,,,,,,,,,REFERENCE,"Manually inspect image. Record whether it is a boundary case, severity, image quality, lesion shape, lesion distribution, lesion-boundary visibility, background difficulty, and notes."
Gray_Leaf_Spot,Gray_Leaf_Spot,0.895838,C:\Users\Administrator\Downloads\Plant Health Maize Project\corn_pathology_ai-main\dataset_split\test\Gray_Leaf_Spot\Corn_Gray_Spot (432).JPG,Correct_Gray,,,,,,,,,,,REFERENCE,"Manually inspect image. Record whether it is a boundary case, severity, image quality, lesion shape, lesion distribution, lesion-boundary visibility, background difficulty, and notes."
Gray_Leaf_Spot,Gray_Leaf_Spot,0.895706,C:\Users\Administrator\Downloads\Plant Health Maize Project\corn_pathology_ai-main\dataset_split\test\Gray_Leaf_Spot\Corn_Gray_Spot (411).jpg,Correct_Gray,,,,,,,,,,,REFERENCE,"Manually inspect image. Record whether it is a boundary case, severity, image quality, lesion shape, lesion distribution, lesion-boundary visibility, background difficulty, and notes."
Gray_Leaf_Spot,Gray_Leaf_Spot,0.884436,C:\Users\Administrator\Downloads\Plant Health Maize Project\corn_pathology_ai-main\dataset_split\test\Gray_Leaf_Spot\Corn_Gray_Spot (396).JPG,Correct_Gray,,,,,,,,,,,REFERENCE,"Manually inspect image. Record whether it is a boundary case, severity, image quality, lesion shape, lesion distribution, lesion-boundary visibility, background difficulty, and notes."
Gray_Leaf_Spot,Gray_Leaf_Spot,0.877287,C:\Users\Administrator\Downloads\Plant Health Maize Project\corn_pathology_ai-main\dataset_split\test\Gray_Leaf_Spot\Corn_Gray_Spot (541).JPG,Correct_Gray,,,,,,,,,,,REFERENCE,"Manually inspect image. Record whether it is a boundary case, severity, image quality, lesion shape, lesion distribution, lesion-boundary visibility, background difficulty, and notes."
Gray_Leaf_Spot,Gray_Leaf_Spot,0.871131,C:\Users\Administrator\Downloads\Plant Health Maize Project\corn_pathology_ai-main\dataset_split\test\Gray_Leaf_Spot\Corn_Gray_Spot (295).JPG,Correct_Gray,,,,,,,,,,,REFERENCE,"Manually inspect image. Record whether it is a boundary case, severity, image quality, lesion shape, lesion distribution, lesion-boundary visibility, background difficulty, and notes."
Gray_Leaf_Spot,Gray_Leaf_Spot,0.865117,C:\Users\Administrator\Downloads\Plant Health Maize Project\corn_pathology_ai-main\dataset_split\test\Gray_Leaf_Spot\Corn_Gray_Spot (362).jpg,Correct_Gray,,,,,,,,,,,REFERENCE,"Manually inspect image. Record whether it is a boundary case, severity, image quality, lesion shape, lesion distribution, lesion-boundary visibility, background difficulty, and notes."
Gray_Leaf_Spot,Gray_Leaf_Spot,0.86112,C:\Users\Administrator\Downloads\Plant Health Maize Project\corn_pathology_ai-main\dataset_split\test\Gray_Leaf_Spot\Corn_Gray_Spot (482).JPG,Correct_Gray,,,,,,,,,,,REFERENCE,"Manually inspect image. Record whether it is a boundary case, severity, image quality, lesion shape, lesion distribution, lesion-boundary visibility, background difficulty, and notes."
Gray_Leaf_Spot,Gray_Leaf_Spot,0.83875,C:\Users\Administrator\Downloads\Plant Health Maize Project\corn_pathology_ai-main\dataset_split\test\Gray_Leaf_Spot\Corn_Gray_Spot (220).JPG,Correct_Gray,,,,,,,,,,,REFERENCE,"Manually inspect image. Record whether it is a boundary case, severity, image quality, lesion shape, lesion distribution, lesion-boundary visibility, background difficulty, and notes."
Gray_Leaf_Spot,Gray_Leaf_Spot,0.828905,C:\Users\Administrator\Downloads\Plant Health Maize Project\corn_pathology_ai-main\dataset_split\test\Gray_Leaf_Spot\Corn_Gray_Spot (416).JPG,Correct_Gray,,,,,,,,,,,REFERENCE,"Manually inspect image. Record whether it is a boundary case, severity, image quality, lesion shape, lesion distribution, lesion-boundary visibility, background difficulty, and notes."
Gray_Leaf_Spot,Gray_Leaf_Spot,0.828463,C:\Users\Administrator\Downloads\Plant Health Maize Project\corn_pathology_ai-main\dataset_split\test\Gray_Leaf_Spot\Corn_Gray_Spot (355).JPG,Correct_Gray,,,,,,,,,,,REFERENCE,"Manually inspect image. Record whether it is a boundary case, severity, image quality, lesion shape, lesion distribution, lesion-boundary visibility, background difficulty, and notes."
Gray_Leaf_Spot,Gray_Leaf_Spot,0.82362,C:\Users\Administrator\Downloads\Plant Health Maize Project\corn_pathology_ai-main\dataset_split\test\Gray_Leaf_Spot\Corn_Gray_Spot (133).JPG,Correct_Gray,,,,,,,,,,,REFERENCE,"Manually inspect image. Record whether it is a boundary case, severity, image quality, lesion shape, lesion distribution, lesion-boundary visibility, background difficulty, and notes."
Gray_Leaf_Spot,Gray_Leaf_Spot,0.821723,C:\Users\Administrator\Downloads\Plant Health Maize Project\corn_pathology_ai-main\dataset_split\test\Gray_Leaf_Spot\Corn_Gray_Spot (270).JPG,Correct_Gray,,,,,,,,,,,REFERENCE,"Manually inspect image. Record whether it is a boundary case, severity, image quality, lesion shape, lesion distribution, lesion-boundary visibility, background difficulty, and notes."
Gray_Leaf_Spot,Gray_Leaf_Spot,0.817604,C:\Users\Administrator\Downloads\Plant Health Maize Project\corn_pathology_ai-main\dataset_split\test\Gray_Leaf_Spot\Corn_Gray_Spot (331).JPG,Correct_Gray,,,,,,,,,,,REFERENCE,"Manually inspect image. Record whether it is a boundary case, severity, image quality, lesion shape, lesion distribution, lesion-boundary visibility, background difficulty, and notes."
Gray_Leaf_Spot,Gray_Leaf_Spot,0.804673,C:\Users\Administrator\Downloads\Plant Health Maize Project\corn_pathology_ai-main\dataset_split\test\Gray_Leaf_Spot\Corn_Gray_Spot (430).jpg,Correct_Gray,,,,,,,,,,,REFERENCE,"Manually inspect image. Record whether it is a boundary case, severity, image quality, lesion shape, lesion distribution, lesion-boundary visibility, background difficulty, and notes."
Gray_Leaf_Spot,Gray_Leaf_Spot,0.766285,C:\Users\Administrator\Downloads\Plant Health Maize Project\corn_pathology_ai-main\dataset_split\test\Gray_Leaf_Spot\Corn_Gray_Spot (345).JPG,Correct_Gray,,,,,,,,,,,REFERENCE,"Manually inspect image. Record whether it is a boundary case, severity, image quality, lesion shape, lesion distribution, lesion-boundary visibility, background difficulty, and notes."
Gray_Leaf_Spot,Gray_Leaf_Spot,0.761259,C:\Users\Administrator\Downloads\Plant Health Maize Project\corn_pathology_ai-main\dataset_split\test\Gray_Leaf_Spot\Corn_Gray_Spot (255).jpg,Correct_Gray,,,,,,,,,,,REFERENCE,"Manually inspect image. Record whether it is a boundary case, severity, image quality, lesion shape, lesion distribution, lesion-boundary visibility, background difficulty, and notes."
Gray_Leaf_Spot,Gray_Leaf_Spot,0.758146,C:\Users\Administrator\Downloads\Plant Health Maize Project\corn_pathology_ai-main\dataset_split\test\Gray_Leaf_Spot\Corn_Gray_Spot (223).jpg,Correct_Gray,,,,,,,,,,,REFERENCE,"Manually inspect image. Record whether it is a boundary case, severity, image quality, lesion shape, lesion distribution, lesion-boundary visibility, background difficulty, and notes."
Gray_Leaf_Spot,Gray_Leaf_Spot,0.747294,C:\Users\Administrator\Downloads\Plant Health Maize Project\corn_pathology_ai-main\dataset_split\test\Gray_Leaf_Spot\Corn_Gray_Spot (282).JPG,Correct_Gray,,,,,,,,,,,REFERENCE,"Manually inspect image. Record whether it is a boundary case, severity, image quality, lesion shape, lesion distribution, lesion-boundary visibility, background difficulty, and notes."
Gray_Leaf_Spot,Gray_Leaf_Spot,0.731229,C:\Users\Administrator\Downloads\Plant Health Maize Project\corn_pathology_ai-main\dataset_split\test\Gray_Leaf_Spot\Corn_Gray_Spot (534).JPG,Correct_Gray,,,,,,,,,,,REFERENCE,"Manually inspect image. Record whether it is a boundary case, severity, image quality, lesion shape, lesion distribution, lesion-boundary visibility, background difficulty, and notes."
Gray_Leaf_Spot,Gray_Leaf_Spot,0.715914,C:\Users\Administrator\Downloads\Plant Health Maize Project\corn_pathology_ai-main\dataset_split\test\Gray_Leaf_Spot\Corn_Gray_Spot (233).JPG,Correct_Gray,,,,,,,,,,,REFERENCE,"Manually inspect image. Record whether it is a boundary case, severity, image quality, lesion shape, lesion distribution, lesion-boundary visibility, background difficulty, and notes."
Gray_Leaf_Spot,Gray_Leaf_Spot,0.680332,C:\Users\Administrator\Downloads\Plant Health Maize Project\corn_pathology_ai-main\dataset_split\test\Gray_Leaf_Spot\Corn_Gray_Spot (466).JPG,Correct_Gray,,,,,,,,,,,REFERENCE,"Manually inspect image. Record whether it is a boundary case, severity, image quality, lesion shape, lesion distribution, lesion-boundary visibility, background difficulty, and notes."
Gray_Leaf_Spot,Gray_Leaf_Spot,0.66034,C:\Users\Administrator\Downloads\Plant Health Maize Project\corn_pathology_ai-main\dataset_split\test\Gray_Leaf_Spot\Corn_Gray_Spot (30).jpg,Correct_Gray,,,,,,,,,,,REFERENCE,"Manually inspect image. Record whether it is a boundary case, severity, image quality, lesion shape, lesion distribution, lesion-boundary visibility, background difficulty, and notes."
Gray_Leaf_Spot,Gray_Leaf_Spot,0.65714,C:\Users\Administrator\Downloads\Plant Health Maize Project\corn_pathology_ai-main\dataset_split\test\Gray_Leaf_Spot\Corn_Gray_Spot (118).JPG,Correct_Gray,,,,,,,,,,,REFERENCE,"Manually inspect image. Record whether it is a boundary case, severity, image quality, lesion shape, lesion distribution, lesion-boundary visibility, background difficulty, and notes."
Gray_Leaf_Spot,Gray_Leaf_Spot,0.645583,C:\Users\Administrator\Downloads\Plant Health Maize Project\corn_pathology_ai-main\dataset_split\test\Gray_Leaf_Spot\Corn_Gray_Spot (451).jpg,Correct_Gray,,,,,,,,,,,REFERENCE,"Manually inspect image. Record whether it is a boundary case, severity, image quality, lesion shape, lesion distribution, lesion-boundary visibility, background difficulty, and notes."
Gray_Leaf_Spot,Gray_Leaf_Spot,0.612622,C:\Users\Administrator\Downloads\Plant Health Maize Project\corn_pathology_ai-main\dataset_split\test\Gray_Leaf_Spot\Corn_Gray_Spot (186).JPG,Correct_Gray,,,,,,,,,,,REFERENCE,"Manually inspect image. Record whether it is a boundary case, severity, image quality, lesion shape, lesion distribution, lesion-boundary visibility, background difficulty, and notes."
Gray_Leaf_Spot,Gray_Leaf_Spot,0.553564,C:\Users\Administrator\Downloads\Plant Health Maize Project\corn_pathology_ai-main\dataset_split\test\Gray_Leaf_Spot\Corn_Gray_Spot (417).JPG,Correct_Gray,,,,,,,,,,,REFERENCE,"Manually inspect image. Record whether it is a boundary case, severity, image quality, lesion shape, lesion distribution, lesion-boundary visibility, background difficulty, and notes."
Gray_Leaf_Spot,Gray_Leaf_Spot,0.536198,C:\Users\Administrator\Downloads\Plant Health Maize Project\corn_pathology_ai-main\dataset_split\test\Gray_Leaf_Spot\Corn_Gray_Spot (569).jpg,Correct_Gray,,,,,,,,,,,REFERENCE,"Manually inspect image. Record whether it is a boundary case, severity, image quality, lesion shape, lesion distribution, lesion-boundary visibility, background difficulty, and notes."
Gray_Leaf_Spot,Gray_Leaf_Spot,0.534916,C:\Users\Administrator\Downloads\Plant Health Maize Project\corn_pathology_ai-main\dataset_split\test\Gray_Leaf_Spot\Corn_Gray_Spot (27).jpg,Correct_Gray,,,,,,,,,,,REFERENCE,"Manually inspect image. Record whether it is a boundary case, severity, image quality, lesion shape, lesion distribution, lesion-boundary visibility, background difficulty, and notes."
Gray_Leaf_Spot,Gray_Leaf_Spot,0.52212,C:\Users\Administrator\Downloads\Plant Health Maize Project\corn_pathology_ai-main\dataset_split\test\Gray_Leaf_Spot\Corn_Gray_Spot (35).jpg,Correct_Gray,,,,,,,,,,,REFERENCE,"Manually inspect image. Record whether it is a boundary case, severity, image quality, lesion shape, lesion distribution, lesion-boundary visibility, background difficulty, and notes."
Gray_Leaf_Spot,Gray_Leaf_Spot,0.521089,C:\Users\Administrator\Downloads\Plant Health Maize Project\corn_pathology_ai-main\dataset_split\test\Gray_Leaf_Spot\Corn_Gray_Spot (28).jpg,Correct_Gray,,,,,,,,,,,REFERENCE,"Manually inspect image. Record whether it is a boundary case, severity, image quality, lesion shape, lesion distribution, lesion-boundary visibility, background difficulty, and notes."
