actual_class,predicted_class,confidence,image_path
Blight,Blight,0.982546,C:\Users\Administrator\Downloads\Plant Health Maize Project\corn_pathology_ai-main\dataset_split\test\Blight\Corn_Blight (1004).JPG
Blight,Blight,0.938393,C:\Users\Administrator\Downloads\Plant Health Maize Project\corn_pathology_ai-main\dataset_split\test\Blight\Corn_Blight (1009).JPG
Blight,Blight,0.997814,C:\Users\Administrator\Downloads\Plant Health Maize Project\corn_pathology_ai-main\dataset_split\test\Blight\Corn_Blight (1015).jpg
Blight,Blight,0.823772,C:\Users\Administrator\Downloads\Plant Health Maize Project\corn_pathology_ai-main\dataset_split\test\Blight\Corn_Blight (1020).JPG
Blight,Blight,0.612768,C:\Users\Administrator\Downloads\Plant Health Maize Project\corn_pathology_ai-main\dataset_split\test\Blight\Corn_Blight (1021).JPG
Blight,Blight,0.517155,C:\Users\Administrator\Downloads\Plant Health Maize Project\corn_pathology_ai-main\dataset_split\test\Blight\Corn_Blight (103).jpg
Blight,Blight,0.897475,C:\Users\Administrator\Downloads\Plant Health Maize Project\corn_pathology_ai-main\dataset_split\test\Blight\Corn_Blight (1033).jpg
Blight,Blight,0.444155,C:\Users\Administrator\Downloads\Plant Health Maize Project\corn_pathology_ai-main\dataset_split\test\Blight\Corn_Blight (107).jpg
Blight,Blight,0.917957,C:\Users\Administrator\Downloads\Plant Health Maize Project\corn_pathology_ai-main\dataset_split\test\Blight\Corn_Blight (1074).JPG
Blight,Blight,0.979338,C:\Users\Administrator\Downloads\Plant Health Maize Project\corn_pathology_ai-main\dataset_split\test\Blight\Corn_Blight (1090).JPG
Blight,Blight,0.549789,C:\Users\Administrator\Downloads\Plant Health Maize Project\corn_pathology_ai-main\dataset_split\test\Blight\Corn_Blight (1105).jpg
Blight,Blight,0.407916,C:\Users\Administrator\Downloads\Plant Health Maize Project\corn_pathology_ai-main\dataset_split\test\Blight\Corn_Blight (1108).jpg
Blight,Blight,0.460821,C:\Users\Administrator\Downloads\Plant Health Maize Project\corn_pathology_ai-main\dataset_split\test\Blight\Corn_Blight (1109).jpg
Blight,Blight,0.784054,C:\Users\Administrator\Downloads\Plant Health Maize Project\corn_pathology_ai-main\dataset_split\test\Blight\Corn_Blight (1114).jpg
Blight,Blight,0.802616,C:\Users\Administrator\Downloads\Plant Health Maize Project\corn_pathology_ai-main\dataset_split\test\Blight\Corn_Blight (1115).jpg
Blight,Blight,0.622178,C:\Users\Administrator\Downloads\Plant Health Maize Project\corn_pathology_ai-main\dataset_split\test\Blight\Corn_Blight (1119).jpg
Blight,Blight,0.368523,C:\Users\Administrator\Downloads\Plant Health Maize Project\corn_pathology_ai-main\dataset_split\test\Blight\Corn_Blight (1127).jpg
Blight,Blight,0.881052,C:\Users\Administrator\Downloads\Plant Health Maize Project\corn_pathology_ai-main\dataset_split\test\Blight\Corn_Blight (1133).jpg
Blight,Blight,0.463085,C:\Users\Administrator\Downloads\Plant Health Maize Project\corn_pathology_ai-main\dataset_split\test\Blight\Corn_Blight (1134).jpg
Blight,Gray_Leaf_Spot,0.400403,C:\Users\Administrator\Downloads\Plant Health Maize Project\corn_pathology_ai-main\dataset_split\test\Blight\Corn_Blight (1135).jpg
Blight,Blight,0.426697,C:\Users\Administrator\Downloads\Plant Health Maize Project\corn_pathology_ai-main\dataset_split\test\Blight\Corn_Blight (1141).jpg
Blight,Common_Rust,0.457013,C:\Users\Administrator\Downloads\Plant Health Maize Project\corn_pathology_ai-main\dataset_split\test\Blight\Corn_Blight (1142).jpg
Blight,Gray_Leaf_Spot,0.639924,C:\Users\Administrator\Downloads\Plant Health Maize Project\corn_pathology_ai-main\dataset_split\test\Blight\Corn_Blight (1144).jpg
Blight,Gray_Leaf_Spot,0.899456,C:\Users\Administrator\Downloads\Plant Health Maize Project\corn_pathology_ai-main\dataset_split\test\Blight\Corn_Blight (117).JPG
Blight,Blight,0.980258,C:\Users\Administrator\Downloads\Plant Health Maize Project\corn_pathology_ai-main\dataset_split\test\Blight\Corn_Blight (138).JPG
Blight,Blight,0.570626,C:\Users\Administrator\Downloads\Plant Health Maize Project\corn_pathology_ai-main\dataset_split\test\Blight\Corn_Blight (14).jpg
Blight,Gray_Leaf_Spot,0.696213,C:\Users\Administrator\Downloads\Plant Health Maize Project\corn_pathology_ai-main\dataset_split\test\Blight\Corn_Blight (149).JPG
Blight,Gray_Leaf_Spot,0.524580,C:\Users\Administrator\Downloads\Plant Health Maize Project\corn_pathology_ai-main\dataset_split\test\Blight\Corn_Blight (15).jpg
Blight,Blight,0.576272,C:\Users\Administrator\Downloads\Plant Health Maize Project\corn_pathology_ai-main\dataset_split\test\Blight\Corn_Blight (154).JPG
Blight,Blight,0.995075,C:\Users\Administrator\Downloads\Plant Health Maize Project\corn_pathology_ai-main\dataset_split\test\Blight\Corn_Blight (162).jpg
Blight,Blight,0.639521,C:\Users\Administrator\Downloads\Plant Health Maize Project\corn_pathology_ai-main\dataset_split\test\Blight\Corn_Blight (165).jpg
Blight,Blight,0.990815,C:\Users\Administrator\Downloads\Plant Health Maize Project\corn_pathology_ai-main\dataset_split\test\Blight\Corn_Blight (171).JPG
Blight,Blight,0.649087,C:\Users\Administrator\Downloads\Plant Health Maize Project\corn_pathology_ai-main\dataset_split\test\Blight\Corn_Blight (175).jpg
Blight,Common_Rust,0.633228,C:\Users\Administrator\Downloads\Plant Health Maize Project\corn_pathology_ai-main\dataset_split\test\Blight\Corn_Blight (19).jpg
Blight,Blight,0.992615,C:\Users\Administrator\Downloads\Plant Health Maize Project\corn_pathology_ai-main\dataset_split\test\Blight\Corn_Blight (195).JPG
Blight,Blight,0.547175,C:\Users\Administrator\Downloads\Plant Health Maize Project\corn_pathology_ai-main\dataset_split\test\Blight\Corn_Blight (21).jpg
Blight,Blight,0.988324,C:\Users\Administrator\Downloads\Plant Health Maize Project\corn_pathology_ai-main\dataset_split\test\Blight\Corn_Blight (219).JPG
Blight,Blight,0.999739,C:\Users\Administrator\Downloads\Plant Health Maize Project\corn_pathology_ai-main\dataset_split\test\Blight\Corn_Blight (221).JPG
Blight,Blight,0.751686,C:\Users\Administrator\Downloads\Plant Health Maize Project\corn_pathology_ai-main\dataset_split\test\Blight\Corn_Blight (227).JPG
Blight,Blight,0.999873,C:\Users\Administrator\Downloads\Plant Health Maize Project\corn_pathology_ai-main\dataset_split\test\Blight\Corn_Blight (233).JPG
Blight,Blight,0.784364,C:\Users\Administrator\Downloads\Plant Health Maize Project\corn_pathology_ai-main\dataset_split\test\Blight\Corn_Blight (251).JPG
Blight,Blight,0.874165,C:\Users\Administrator\Downloads\Plant Health Maize Project\corn_pathology_ai-main\dataset_split\test\Blight\Corn_Blight (265).JPG
Blight,Gray_Leaf_Spot,0.869633,C:\Users\Administrator\Downloads\Plant Health Maize Project\corn_pathology_ai-main\dataset_split\test\Blight\Corn_Blight (273).JPG
Blight,Gray_Leaf_Spot,0.474308,C:\Users\Administrator\Downloads\Plant Health Maize Project\corn_pathology_ai-main\dataset_split\test\Blight\Corn_Blight (277).JPG
Blight,Blight,0.989051,C:\Users\Administrator\Downloads\Plant Health Maize Project\corn_pathology_ai-main\dataset_split\test\Blight\Corn_Blight (279).JPG
Blight,Blight,0.546191,C:\Users\Administrator\Downloads\Plant Health Maize Project\corn_pathology_ai-main\dataset_split\test\Blight\Corn_Blight (280).JPG
Blight,Blight,0.698765,C:\Users\Administrator\Downloads\Plant Health Maize Project\corn_pathology_ai-main\dataset_split\test\Blight\Corn_Blight (281).JPG
Blight,Blight,0.973661,C:\Users\Administrator\Downloads\Plant Health Maize Project\corn_pathology_ai-main\dataset_split\test\Blight\Corn_Blight (306).JPG
Blight,Blight,0.964275,C:\Users\Administrator\Downloads\Plant Health Maize Project\corn_pathology_ai-main\dataset_split\test\Blight\Corn_Blight (308).JPG
Blight,Blight,0.876525,C:\Users\Administrator\Downloads\Plant Health Maize Project\corn_pathology_ai-main\dataset_split\test\Blight\Corn_Blight (315).JPG
Blight,Blight,0.999811,C:\Users\Administrator\Downloads\Plant Health Maize Project\corn_pathology_ai-main\dataset_split\test\Blight\Corn_Blight (320).JPG
Blight,Blight,0.987307,C:\Users\Administrator\Downloads\Plant Health Maize Project\corn_pathology_ai-main\dataset_split\test\Blight\Corn_Blight (325).JPG
Blight,Blight,0.999707,C:\Users\Administrator\Downloads\Plant Health Maize Project\corn_pathology_ai-main\dataset_split\test\Blight\Corn_Blight (328).JPG
Blight,Blight,0.960515,C:\Users\Administrator\Downloads\Plant Health Maize Project\corn_pathology_ai-main\dataset_split\test\Blight\Corn_Blight (329).JPG
Blight,Blight,0.934117,C:\Users\Administrator\Downloads\Plant Health Maize Project\corn_pathology_ai-main\dataset_split\test\Blight\Corn_Blight (333).JPG
Blight,Blight,0.926754,C:\Users\Administrator\Downloads\Plant Health Maize Project\corn_pathology_ai-main\dataset_split\test\Blight\Corn_Blight (340).JPG
Blight,Blight,0.987139,C:\Users\Administrator\Downloads\Plant Health Maize Project\corn_pathology_ai-main\dataset_split\test\Blight\Corn_Blight (341).JPG
Blight,Gray_Leaf_Spot,0.915191,C:\Users\Administrator\Downloads\Plant Health Maize Project\corn_pathology_ai-main\dataset_split\test\Blight\Corn_Blight (361).JPG
Blight,Blight,0.982159,C:\Users\Administrator\Downloads\Plant Health Maize Project\corn_pathology_ai-main\dataset_split\test\Blight\Corn_Blight (362).JPG
Blight,Blight,0.995921,C:\Users\Administrator\Downloads\Plant Health Maize Project\corn_pathology_ai-main\dataset_split\test\Blight\Corn_Blight (365).JPG
Blight,Blight,0.999074,C:\Users\Administrator\Downloads\Plant Health Maize Project\corn_pathology_ai-main\dataset_split\test\Blight\Corn_Blight (378).JPG
Blight,Blight,0.886445,C:\Users\Administrator\Downloads\Plant Health Maize Project\corn_pathology_ai-main\dataset_split\test\Blight\Corn_Blight (388).JPG
Blight,Blight,0.994740,C:\Users\Administrator\Downloads\Plant Health Maize Project\corn_pathology_ai-main\dataset_split\test\Blight\Corn_Blight (390).JPG
Blight,Blight,0.929496,C:\Users\Administrator\Downloads\Plant Health Maize Project\corn_pathology_ai-main\dataset_split\test\Blight\Corn_Blight (393).JPG
Blight,Blight,0.977766,C:\Users\Administrator\Downloads\Plant Health Maize Project\corn_pathology_ai-main\dataset_split\test\Blight\Corn_Blight (395).JPG
Blight,Common_Rust,0.396864,C:\Users\Administrator\Downloads\Plant Health Maize Project\corn_pathology_ai-main\dataset_split\test\Blight\Corn_Blight (40).jpg
Blight,Blight,0.627759,C:\Users\Administrator\Downloads\Plant Health Maize Project\corn_pathology_ai-main\dataset_split\test\Blight\Corn_Blight (420).JPG
Blight,Blight,0.942533,C:\Users\Administrator\Downloads\Plant Health Maize Project\corn_pathology_ai-main\dataset_split\test\Blight\Corn_Blight (426).JPG
Blight,Blight,0.996782,C:\Users\Administrator\Downloads\Plant Health Maize Project\corn_pathology_ai-main\dataset_split\test\Blight\Corn_Blight (427).JPG
Blight,Blight,0.985811,C:\Users\Administrator\Downloads\Plant Health Maize Project\corn_pathology_ai-main\dataset_split\test\Blight\Corn_Blight (431).JPG
Blight,Blight,0.999136,C:\Users\Administrator\Downloads\Plant Health Maize Project\corn_pathology_ai-main\dataset_split\test\Blight\Corn_Blight (436).JPG
Blight,Blight,0.598892,C:\Users\Administrator\Downloads\Plant Health Maize Project\corn_pathology_ai-main\dataset_split\test\Blight\Corn_Blight (44).jpg
Blight,Blight,0.978330,C:\Users\Administrator\Downloads\Plant Health Maize Project\corn_pathology_ai-main\dataset_split\test\Blight\Corn_Blight (454).JPG
Blight,Gray_Leaf_Spot,0.947819,C:\Users\Administrator\Downloads\Plant Health Maize Project\corn_pathology_ai-main\dataset_split\test\Blight\Corn_Blight (468).JPG
Blight,Blight,0.934207,C:\Users\Administrator\Downloads\Plant Health Maize Project\corn_pathology_ai-main\dataset_split\test\Blight\Corn_Blight (469).JPG
Blight,Blight,0.993286,C:\Users\Administrator\Downloads\Plant Health Maize Project\corn_pathology_ai-main\dataset_split\test\Blight\Corn_Blight (475).JPG
Blight,Blight,0.757325,C:\Users\Administrator\Downloads\Plant Health Maize Project\corn_pathology_ai-main\dataset_split\test\Blight\Corn_Blight (476).JPG
Blight,Blight,0.998253,C:\Users\Administrator\Downloads\Plant Health Maize Project\corn_pathology_ai-main\dataset_split\test\Blight\Corn_Blight (477).JPG
Blight,Blight,0.996173,C:\Users\Administrator\Downloads\Plant Health Maize Project\corn_pathology_ai-main\dataset_split\test\Blight\Corn_Blight (482).JPG
Blight,Blight,0.664039,C:\Users\Administrator\Downloads\Plant Health Maize Project\corn_pathology_ai-main\dataset_split\test\Blight\Corn_Blight (484).JPG
Blight,Gray_Leaf_Spot,0.565024,C:\Users\Administrator\Downloads\Plant Health Maize Project\corn_pathology_ai-main\dataset_split\test\Blight\Corn_Blight (488).JPG
Blight,Blight,0.994869,C:\Users\Administrator\Downloads\Plant Health Maize Project\corn_pathology_ai-main\dataset_split\test\Blight\Corn_Blight (500).JPG
Blight,Blight,0.938308,C:\Users\Administrator\Downloads\Plant Health Maize Project\corn_pathology_ai-main\dataset_split\test\Blight\Corn_Blight (508).JPG
Blight,Blight,0.787166,C:\Users\Administrator\Downloads\Plant Health Maize Project\corn_pathology_ai-main\dataset_split\test\Blight\Corn_Blight (516).JPG
Blight,Blight,0.927766,C:\Users\Administrator\Downloads\Plant Health Maize Project\corn_pathology_ai-main\dataset_split\test\Blight\Corn_Blight (517).JPG
Blight,Blight,0.991400,C:\Users\Administrator\Downloads\Plant Health Maize Project\corn_pathology_ai-main\dataset_split\test\Blight\Corn_Blight (525).JPG
Blight,Blight,0.890965,C:\Users\Administrator\Downloads\Plant Health Maize Project\corn_pathology_ai-main\dataset_split\test\Blight\Corn_Blight (529).JPG
Blight,Blight,0.791553,C:\Users\Administrator\Downloads\Plant Health Maize Project\corn_pathology_ai-main\dataset_split\test\Blight\Corn_Blight (53).jpg
Blight,Blight,0.648802,C:\Users\Administrator\Downloads\Plant Health Maize Project\corn_pathology_ai-main\dataset_split\test\Blight\Corn_Blight (537).JPG
Blight,Blight,0.917987,C:\Users\Administrator\Downloads\Plant Health Maize Project\corn_pathology_ai-main\dataset_split\test\Blight\Corn_Blight (549).JPG
Blight,Blight,0.506443,C:\Users\Administrator\Downloads\Plant Health Maize Project\corn_pathology_ai-main\dataset_split\test\Blight\Corn_Blight (55).jpg
Blight,Blight,0.831157,C:\Users\Administrator\Downloads\Plant Health Maize Project\corn_pathology_ai-main\dataset_split\test\Blight\Corn_Blight (554).JPG
Blight,Blight,0.999224,C:\Users\Administrator\Downloads\Plant Health Maize Project\corn_pathology_ai-main\dataset_split\test\Blight\Corn_Blight (565).JPG
Blight,Blight,0.990429,C:\Users\Administrator\Downloads\Plant Health Maize Project\corn_pathology_ai-main\dataset_split\test\Blight\Corn_Blight (572).JPG
Blight,Blight,0.770496,C:\Users\Administrator\Downloads\Plant Health Maize Project\corn_pathology_ai-main\dataset_split\test\Blight\Corn_Blight (573).JPG
Blight,Blight,0.923750,C:\Users\Administrator\Downloads\Plant Health Maize Project\corn_pathology_ai-main\dataset_split\test\Blight\Corn_Blight (580).jpg
Blight,Blight,0.983714,C:\Users\Administrator\Downloads\Plant Health Maize Project\corn_pathology_ai-main\dataset_split\test\Blight\Corn_Blight (583).JPG
Blight,Blight,0.897703,C:\Users\Administrator\Downloads\Plant Health Maize Project\corn_pathology_ai-main\dataset_split\test\Blight\Corn_Blight (586).JPG
Blight,Blight,0.979324,C:\Users\Administrator\Downloads\Plant Health Maize Project\corn_pathology_ai-main\dataset_split\test\Blight\Corn_Blight (587).JPG
Blight,Blight,0.999169,C:\Users\Administrator\Downloads\Plant Health Maize Project\corn_pathology_ai-main\dataset_split\test\Blight\Corn_Blight (590).JPG
Blight,Blight,0.967379,C:\Users\Administrator\Downloads\Plant Health Maize Project\corn_pathology_ai-main\dataset_split\test\Blight\Corn_Blight (597).jpg
Blight,Blight,0.806866,C:\Users\Administrator\Downloads\Plant Health Maize Project\corn_pathology_ai-main\dataset_split\test\Blight\Corn_Blight (624).JPG
Blight,Healthy,0.718307,C:\Users\Administrator\Downloads\Plant Health Maize Project\corn_pathology_ai-main\dataset_split\test\Blight\Corn_Blight (63).jpg
Blight,Blight,0.989930,C:\Users\Administrator\Downloads\Plant Health Maize Project\corn_pathology_ai-main\dataset_split\test\Blight\Corn_Blight (636).jpg
Blight,Gray_Leaf_Spot,0.843755,C:\Users\Administrator\Downloads\Plant Health Maize Project\corn_pathology_ai-main\dataset_split\test\Blight\Corn_Blight (638).jpg
Blight,Blight,0.954136,C:\Users\Administrator\Downloads\Plant Health Maize Project\corn_pathology_ai-main\dataset_split\test\Blight\Corn_Blight (640).JPG
Blight,Blight,0.939777,C:\Users\Administrator\Downloads\Plant Health Maize Project\corn_pathology_ai-main\dataset_split\test\Blight\Corn_Blight (641).JPG
Blight,Gray_Leaf_Spot,0.636688,C:\Users\Administrator\Downloads\Plant Health Maize Project\corn_pathology_ai-main\dataset_split\test\Blight\Corn_Blight (655).jpg
Blight,Blight,0.998541,C:\Users\Administrator\Downloads\Plant Health Maize Project\corn_pathology_ai-main\dataset_split\test\Blight\Corn_Blight (658).JPG
Blight,Blight,0.991237,C:\Users\Administrator\Downloads\Plant Health Maize Project\corn_pathology_ai-main\dataset_split\test\Blight\Corn_Blight (661).jpg
Blight,Blight,0.995970,C:\Users\Administrator\Downloads\Plant Health Maize Project\corn_pathology_ai-main\dataset_split\test\Blight\Corn_Blight (667).JPG
Blight,Blight,0.808287,C:\Users\Administrator\Downloads\Plant Health Maize Project\corn_pathology_ai-main\dataset_split\test\Blight\Corn_Blight (669).JPG
Blight,Blight,0.570380,C:\Users\Administrator\Downloads\Plant Health Maize Project\corn_pathology_ai-main\dataset_split\test\Blight\Corn_Blight (67).jpg
Blight,Blight,0.802863,C:\Users\Administrator\Downloads\Plant Health Maize Project\corn_pathology_ai-main\dataset_split\test\Blight\Corn_Blight (684).JPG
Blight,Blight,0.997728,C:\Users\Administrator\Downloads\Plant Health Maize Project\corn_pathology_ai-main\dataset_split\test\Blight\Corn_Blight (686).JPG
Blight,Gray_Leaf_Spot,0.605201,C:\Users\Administrator\Downloads\Plant Health Maize Project\corn_pathology_ai-main\dataset_split\test\Blight\Corn_Blight (692).JPG
Blight,Blight,0.875544,C:\Users\Administrator\Downloads\Plant Health Maize Project\corn_pathology_ai-main\dataset_split\test\Blight\Corn_Blight (693).JPG
Blight,Blight,0.982986,C:\Users\Administrator\Downloads\Plant Health Maize Project\corn_pathology_ai-main\dataset_split\test\Blight\Corn_Blight (701).JPG
Blight,Blight,0.851856,C:\Users\Administrator\Downloads\Plant Health Maize Project\corn_pathology_ai-main\dataset_split\test\Blight\Corn_Blight (705).JPG
Blight,Blight,0.971748,C:\Users\Administrator\Downloads\Plant Health Maize Project\corn_pathology_ai-main\dataset_split\test\Blight\Corn_Blight (707).JPG
Blight,Blight,0.999720,C:\Users\Administrator\Downloads\Plant Health Maize Project\corn_pathology_ai-main\dataset_split\test\Blight\Corn_Blight (711).JPG
Blight,Blight,0.997848,C:\Users\Administrator\Downloads\Plant Health Maize Project\corn_pathology_ai-main\dataset_split\test\Blight\Corn_Blight (714).JPG
Blight,Blight,0.623321,C:\Users\Administrator\Downloads\Plant Health Maize Project\corn_pathology_ai-main\dataset_split\test\Blight\Corn_Blight (716).JPG
Blight,Blight,0.588894,C:\Users\Administrator\Downloads\Plant Health Maize Project\corn_pathology_ai-main\dataset_split\test\Blight\Corn_Blight (722).JPG
Blight,Blight,0.999204,C:\Users\Administrator\Downloads\Plant Health Maize Project\corn_pathology_ai-main\dataset_split\test\Blight\Corn_Blight (734).JPG
Blight,Blight,0.366305,C:\Users\Administrator\Downloads\Plant Health Maize Project\corn_pathology_ai-main\dataset_split\test\Blight\Corn_Blight (739).JPG
Blight,Gray_Leaf_Spot,0.686721,C:\Users\Administrator\Downloads\Plant Health Maize Project\corn_pathology_ai-main\dataset_split\test\Blight\Corn_Blight (75).jpg
Blight,Blight,0.967180,C:\Users\Administrator\Downloads\Plant Health Maize Project\corn_pathology_ai-main\dataset_split\test\Blight\Corn_Blight (755).JPG
Blight,Blight,0.965402,C:\Users\Administrator\Downloads\Plant Health Maize Project\corn_pathology_ai-main\dataset_split\test\Blight\Corn_Blight (757).JPG
Blight,Blight,0.992347,C:\Users\Administrator\Downloads\Plant Health Maize Project\corn_pathology_ai-main\dataset_split\test\Blight\Corn_Blight (763).JPG
Blight,Blight,0.927567,C:\Users\Administrator\Downloads\Plant Health Maize Project\corn_pathology_ai-main\dataset_split\test\Blight\Corn_Blight (769).JPG
Blight,Blight,0.518250,C:\Users\Administrator\Downloads\Plant Health Maize Project\corn_pathology_ai-main\dataset_split\test\Blight\Corn_Blight (777).JPG
Blight,Blight,0.542957,C:\Users\Administrator\Downloads\Plant Health Maize Project\corn_pathology_ai-main\dataset_split\test\Blight\Corn_Blight (782).JPG
Blight,Blight,0.998470,C:\Users\Administrator\Downloads\Plant Health Maize Project\corn_pathology_ai-main\dataset_split\test\Blight\Corn_Blight (784).jpg
Blight,Blight,0.966924,C:\Users\Administrator\Downloads\Plant Health Maize Project\corn_pathology_ai-main\dataset_split\test\Blight\Corn_Blight (793).JPG
Blight,Blight,0.832040,C:\Users\Administrator\Downloads\Plant Health Maize Project\corn_pathology_ai-main\dataset_split\test\Blight\Corn_Blight (802).JPG
Blight,Healthy,0.519032,C:\Users\Administrator\Downloads\Plant Health Maize Project\corn_pathology_ai-main\dataset_split\test\Blight\Corn_Blight (826).JPG
Blight,Blight,0.944182,C:\Users\Administrator\Downloads\Plant Health Maize Project\corn_pathology_ai-main\dataset_split\test\Blight\Corn_Blight (830).jpg
Blight,Blight,0.928112,C:\Users\Administrator\Downloads\Plant Health Maize Project\corn_pathology_ai-main\dataset_split\test\Blight\Corn_Blight (844).JPG
Blight,Gray_Leaf_Spot,0.799073,C:\Users\Administrator\Downloads\Plant Health Maize Project\corn_pathology_ai-main\dataset_split\test\Blight\Corn_Blight (847).JPG
Blight,Blight,0.432648,C:\Users\Administrator\Downloads\Plant Health Maize Project\corn_pathology_ai-main\dataset_split\test\Blight\Corn_Blight (85).jpg
Blight,Blight,0.523387,C:\Users\Administrator\Downloads\Plant Health Maize Project\corn_pathology_ai-main\dataset_split\test\Blight\Corn_Blight (86).jpg
Blight,Blight,0.938036,C:\Users\Administrator\Downloads\Plant Health Maize Project\corn_pathology_ai-main\dataset_split\test\Blight\Corn_Blight (865).JPG
Blight,Blight,0.920830,C:\Users\Administrator\Downloads\Plant Health Maize Project\corn_pathology_ai-main\dataset_split\test\Blight\Corn_Blight (870).JPG
Blight,Blight,0.916316,C:\Users\Administrator\Downloads\Plant Health Maize Project\corn_pathology_ai-main\dataset_split\test\Blight\Corn_Blight (884).JPG
Blight,Blight,0.997694,C:\Users\Administrator\Downloads\Plant Health Maize Project\corn_pathology_ai-main\dataset_split\test\Blight\Corn_Blight (887).JPG
Blight,Blight,0.997349,C:\Users\Administrator\Downloads\Plant Health Maize Project\corn_pathology_ai-main\dataset_split\test\Blight\Corn_Blight (888).JPG
Blight,Blight,0.994945,C:\Users\Administrator\Downloads\Plant Health Maize Project\corn_pathology_ai-main\dataset_split\test\Blight\Corn_Blight (889).JPG
Blight,Blight,0.896512,C:\Users\Administrator\Downloads\Plant Health Maize Project\corn_pathology_ai-main\dataset_split\test\Blight\Corn_Blight (892).JPG
Blight,Blight,0.990675,C:\Users\Administrator\Downloads\Plant Health Maize Project\corn_pathology_ai-main\dataset_split\test\Blight\Corn_Blight (897).JPG
Blight,Blight,0.780384,C:\Users\Administrator\Downloads\Plant Health Maize Project\corn_pathology_ai-main\dataset_split\test\Blight\Corn_Blight (899).JPG
Blight,Blight,0.874655,C:\Users\Administrator\Downloads\Plant Health Maize Project\corn_pathology_ai-main\dataset_split\test\Blight\Corn_Blight (903).JPG
Blight,Blight,0.973087,C:\Users\Administrator\Downloads\Plant Health Maize Project\corn_pathology_ai-main\dataset_split\test\Blight\Corn_Blight (911).JPG
Blight,Blight,0.987199,C:\Users\Administrator\Downloads\Plant Health Maize Project\corn_pathology_ai-main\dataset_split\test\Blight\Corn_Blight (914).JPG
Blight,Blight,0.967327,C:\Users\Administrator\Downloads\Plant Health Maize Project\corn_pathology_ai-main\dataset_split\test\Blight\Corn_Blight (915).jpg
Blight,Blight,0.694135,C:\Users\Administrator\Downloads\Plant Health Maize Project\corn_pathology_ai-main\dataset_split\test\Blight\Corn_Blight (917).JPG
Blight,Blight,0.923170,C:\Users\Administrator\Downloads\Plant Health Maize Project\corn_pathology_ai-main\dataset_split\test\Blight\Corn_Blight (921).JPG
Blight,Gray_Leaf_Spot,0.919303,C:\Users\Administrator\Downloads\Plant Health Maize Project\corn_pathology_ai-main\dataset_split\test\Blight\Corn_Blight (925).JPG
Blight,Blight,0.965517,C:\Users\Administrator\Downloads\Plant Health Maize Project\corn_pathology_ai-main\dataset_split\test\Blight\Corn_Blight (934).JPG
Blight,Blight,0.590392,C:\Users\Administrator\Downloads\Plant Health Maize Project\corn_pathology_ai-main\dataset_split\test\Blight\Corn_Blight (938).JPG
Blight,Blight,0.990094,C:\Users\Administrator\Downloads\Plant Health Maize Project\corn_pathology_ai-main\dataset_split\test\Blight\Corn_Blight (941).JPG
Blight,Blight,0.764032,C:\Users\Administrator\Downloads\Plant Health Maize Project\corn_pathology_ai-main\dataset_split\test\Blight\Corn_Blight (944).JPG
Blight,Blight,0.943417,C:\Users\Administrator\Downloads\Plant Health Maize Project\corn_pathology_ai-main\dataset_split\test\Blight\Corn_Blight (950).JPG
Blight,Blight,0.704009,C:\Users\Administrator\Downloads\Plant Health Maize Project\corn_pathology_ai-main\dataset_split\test\Blight\Corn_Blight (97).jpg
Blight,Blight,0.973639,C:\Users\Administrator\Downloads\Plant Health Maize Project\corn_pathology_ai-main\dataset_split\test\Blight\Corn_Blight (970).JPG
Blight,Gray_Leaf_Spot,0.911973,C:\Users\Administrator\Downloads\Plant Health Maize Project\corn_pathology_ai-main\dataset_split\test\Blight\Corn_Blight (974).JPG
Blight,Gray_Leaf_Spot,0.704854,C:\Users\Administrator\Downloads\Plant Health Maize Project\corn_pathology_ai-main\dataset_split\test\Blight\Corn_Blight (983).jpg
Blight,Blight,0.986699,C:\Users\Administrator\Downloads\Plant Health Maize Project\corn_pathology_ai-main\dataset_split\test\Blight\Corn_Blight (984).JPG
Blight,Blight,0.552952,C:\Users\Administrator\Downloads\Plant Health Maize Project\corn_pathology_ai-main\dataset_split\test\Blight\Corn_Blight (985).JPG
Blight,Blight,0.995914,C:\Users\Administrator\Downloads\Plant Health Maize Project\corn_pathology_ai-main\dataset_split\test\Blight\Corn_Blight (989).JPG
Blight,Gray_Leaf_Spot,0.548123,C:\Users\Administrator\Downloads\Plant Health Maize Project\corn_pathology_ai-main\dataset_split\test\Blight\Corn_Blight (99).jpg
Blight,Blight,0.967018,C:\Users\Administrator\Downloads\Plant Health Maize Project\corn_pathology_ai-main\dataset_split\test\Blight\Corn_Blight (995).JPG
Common_Rust,Gray_Leaf_Spot,0.696588,C:\Users\Administrator\Downloads\Plant Health Maize Project\corn_pathology_ai-main\dataset_split\test\Common_Rust\Corn_Common_Rust (1293).jpg
Common_Rust,Blight,0.420407,C:\Users\Administrator\Downloads\Plant Health Maize Project\corn_pathology_ai-main\dataset_split\test\Common_Rust\Corn_Common_Rust (1303).jpg
Common_Rust,Blight,0.603511,C:\Users\Administrator\Downloads\Plant Health Maize Project\corn_pathology_ai-main\dataset_split\test\Common_Rust\Corn_Common_Rust (17).jpg
Common_Rust,Blight,0.642897,C:\Users\Administrator\Downloads\Plant Health Maize Project\corn_pathology_ai-main\dataset_split\test\Common_Rust\Corn_Common_Rust (20).jpg
Common_Rust,Blight,0.591211,C:\Users\Administrator\Downloads\Plant Health Maize Project\corn_pathology_ai-main\dataset_split\test\Common_Rust\Corn_Common_Rust (33).jpg
Common_Rust,Gray_Leaf_Spot,0.519911,C:\Users\Administrator\Downloads\Plant Health Maize Project\corn_pathology_ai-main\dataset_split\test\Common_Rust\Corn_Common_Rust (34).jpg
Common_Rust,Blight,0.417282,C:\Users\Administrator\Downloads\Plant Health Maize Project\corn_pathology_ai-main\dataset_split\test\Common_Rust\Corn_Common_Rust (71).jpg
Gray_Leaf_Spot,Gray_Leaf_Spot,0.962150,C:\Users\Administrator\Downloads\Plant Health Maize Project\corn_pathology_ai-main\dataset_split\test\Gray_Leaf_Spot\Corn_Gray_Spot (100).JPG
Gray_Leaf_Spot,Gray_Leaf_Spot,0.988132,C:\Users\Administrator\Downloads\Plant Health Maize Project\corn_pathology_ai-main\dataset_split\test\Gray_Leaf_Spot\Corn_Gray_Spot (105).JPG
Gray_Leaf_Spot,Gray_Leaf_Spot,0.997425,C:\Users\Administrator\Downloads\Plant Health Maize Project\corn_pathology_ai-main\dataset_split\test\Gray_Leaf_Spot\Corn_Gray_Spot (108).JPG
Gray_Leaf_Spot,Gray_Leaf_Spot,0.657140,C:\Users\Administrator\Downloads\Plant Health Maize Project\corn_pathology_ai-main\dataset_split\test\Gray_Leaf_Spot\Corn_Gray_Spot (118).JPG
Gray_Leaf_Spot,Gray_Leaf_Spot,0.993393,C:\Users\Administrator\Downloads\Plant Health Maize Project\corn_pathology_ai-main\dataset_split\test\Gray_Leaf_Spot\Corn_Gray_Spot (119).JPG
Gray_Leaf_Spot,Gray_Leaf_Spot,0.976823,C:\Users\Administrator\Downloads\Plant Health Maize Project\corn_pathology_ai-main\dataset_split\test\Gray_Leaf_Spot\Corn_Gray_Spot (125).jpg
Gray_Leaf_Spot,Blight,0.745943,C:\Users\Administrator\Downloads\Plant Health Maize Project\corn_pathology_ai-main\dataset_split\test\Gray_Leaf_Spot\Corn_Gray_Spot (127).JPG
Gray_Leaf_Spot,Gray_Leaf_Spot,0.823620,C:\Users\Administrator\Downloads\Plant Health Maize Project\corn_pathology_ai-main\dataset_split\test\Gray_Leaf_Spot\Corn_Gray_Spot (133).JPG
Gray_Leaf_Spot,Gray_Leaf_Spot,0.984462,C:\Users\Administrator\Downloads\Plant Health Maize Project\corn_pathology_ai-main\dataset_split\test\Gray_Leaf_Spot\Corn_Gray_Spot (142).JPG
Gray_Leaf_Spot,Blight,0.540537,C:\Users\Administrator\Downloads\Plant Health Maize Project\corn_pathology_ai-main\dataset_split\test\Gray_Leaf_Spot\Corn_Gray_Spot (17).jpg
Gray_Leaf_Spot,Gray_Leaf_Spot,0.965361,C:\Users\Administrator\Downloads\Plant Health Maize Project\corn_pathology_ai-main\dataset_split\test\Gray_Leaf_Spot\Corn_Gray_Spot (177).JPG
Gray_Leaf_Spot,Gray_Leaf_Spot,0.612622,C:\Users\Administrator\Downloads\Plant Health Maize Project\corn_pathology_ai-main\dataset_split\test\Gray_Leaf_Spot\Corn_Gray_Spot (186).JPG
Gray_Leaf_Spot,Gray_Leaf_Spot,0.918951,C:\Users\Administrator\Downloads\Plant Health Maize Project\corn_pathology_ai-main\dataset_split\test\Gray_Leaf_Spot\Corn_Gray_Spot (200).JPG
Gray_Leaf_Spot,Gray_Leaf_Spot,0.938685,C:\Users\Administrator\Downloads\Plant Health Maize Project\corn_pathology_ai-main\dataset_split\test\Gray_Leaf_Spot\Corn_Gray_Spot (206).JPG
Gray_Leaf_Spot,Gray_Leaf_Spot,0.923155,C:\Users\Administrator\Downloads\Plant Health Maize Project\corn_pathology_ai-main\dataset_split\test\Gray_Leaf_Spot\Corn_Gray_Spot (207).JPG
Gray_Leaf_Spot,Gray_Leaf_Spot,0.973251,C:\Users\Administrator\Downloads\Plant Health Maize Project\corn_pathology_ai-main\dataset_split\test\Gray_Leaf_Spot\Corn_Gray_Spot (210).JPG
Gray_Leaf_Spot,Gray_Leaf_Spot,0.929192,C:\Users\Administrator\Downloads\Plant Health Maize Project\corn_pathology_ai-main\dataset_split\test\Gray_Leaf_Spot\Corn_Gray_Spot (216).jpg
Gray_Leaf_Spot,Gray_Leaf_Spot,0.838750,C:\Users\Administrator\Downloads\Plant Health Maize Project\corn_pathology_ai-main\dataset_split\test\Gray_Leaf_Spot\Corn_Gray_Spot (220).JPG
Gray_Leaf_Spot,Gray_Leaf_Spot,0.758146,C:\Users\Administrator\Downloads\Plant Health Maize Project\corn_pathology_ai-main\dataset_split\test\Gray_Leaf_Spot\Corn_Gray_Spot (223).jpg
Gray_Leaf_Spot,Gray_Leaf_Spot,0.715914,C:\Users\Administrator\Downloads\Plant Health Maize Project\corn_pathology_ai-main\dataset_split\test\Gray_Leaf_Spot\Corn_Gray_Spot (233).JPG
Gray_Leaf_Spot,Gray_Leaf_Spot,0.995125,C:\Users\Administrator\Downloads\Plant Health Maize Project\corn_pathology_ai-main\dataset_split\test\Gray_Leaf_Spot\Corn_Gray_Spot (234).JPG
Gray_Leaf_Spot,Gray_Leaf_Spot,0.972122,C:\Users\Administrator\Downloads\Plant Health Maize Project\corn_pathology_ai-main\dataset_split\test\Gray_Leaf_Spot\Corn_Gray_Spot (235).JPG
Gray_Leaf_Spot,Gray_Leaf_Spot,0.977409,C:\Users\Administrator\Downloads\Plant Health Maize Project\corn_pathology_ai-main\dataset_split\test\Gray_Leaf_Spot\Corn_Gray_Spot (251).jpg
Gray_Leaf_Spot,Gray_Leaf_Spot,0.919608,C:\Users\Administrator\Downloads\Plant Health Maize Project\corn_pathology_ai-main\dataset_split\test\Gray_Leaf_Spot\Corn_Gray_Spot (253).JPG
Gray_Leaf_Spot,Gray_Leaf_Spot,0.761259,C:\Users\Administrator\Downloads\Plant Health Maize Project\corn_pathology_ai-main\dataset_split\test\Gray_Leaf_Spot\Corn_Gray_Spot (255).jpg
Gray_Leaf_Spot,Gray_Leaf_Spot,0.928107,C:\Users\Administrator\Downloads\Plant Health Maize Project\corn_pathology_ai-main\dataset_split\test\Gray_Leaf_Spot\Corn_Gray_Spot (264).JPG
Gray_Leaf_Spot,Gray_Leaf_Spot,0.534916,C:\Users\Administrator\Downloads\Plant Health Maize Project\corn_pathology_ai-main\dataset_split\test\Gray_Leaf_Spot\Corn_Gray_Spot (27).jpg
Gray_Leaf_Spot,Gray_Leaf_Spot,0.821723,C:\Users\Administrator\Downloads\Plant Health Maize Project\corn_pathology_ai-main\dataset_split\test\Gray_Leaf_Spot\Corn_Gray_Spot (270).JPG
Gray_Leaf_Spot,Gray_Leaf_Spot,0.521089,C:\Users\Administrator\Downloads\Plant Health Maize Project\corn_pathology_ai-main\dataset_split\test\Gray_Leaf_Spot\Corn_Gray_Spot (28).jpg
Gray_Leaf_Spot,Gray_Leaf_Spot,0.747294,C:\Users\Administrator\Downloads\Plant Health Maize Project\corn_pathology_ai-main\dataset_split\test\Gray_Leaf_Spot\Corn_Gray_Spot (282).JPG
Gray_Leaf_Spot,Blight,0.856524,C:\Users\Administrator\Downloads\Plant Health Maize Project\corn_pathology_ai-main\dataset_split\test\Gray_Leaf_Spot\Corn_Gray_Spot (29).jpg
Gray_Leaf_Spot,Gray_Leaf_Spot,0.871131,C:\Users\Administrator\Downloads\Plant Health Maize Project\corn_pathology_ai-main\dataset_split\test\Gray_Leaf_Spot\Corn_Gray_Spot (295).JPG
Gray_Leaf_Spot,Blight,0.606405,C:\Users\Administrator\Downloads\Plant Health Maize Project\corn_pathology_ai-main\dataset_split\test\Gray_Leaf_Spot\Corn_Gray_Spot (3).jpg
Gray_Leaf_Spot,Gray_Leaf_Spot,0.660340,C:\Users\Administrator\Downloads\Plant Health Maize Project\corn_pathology_ai-main\dataset_split\test\Gray_Leaf_Spot\Corn_Gray_Spot (30).jpg
Gray_Leaf_Spot,Gray_Leaf_Spot,0.911285,C:\Users\Administrator\Downloads\Plant Health Maize Project\corn_pathology_ai-main\dataset_split\test\Gray_Leaf_Spot\Corn_Gray_Spot (302).JPG
Gray_Leaf_Spot,Gray_Leaf_Spot,0.988439,C:\Users\Administrator\Downloads\Plant Health Maize Project\corn_pathology_ai-main\dataset_split\test\Gray_Leaf_Spot\Corn_Gray_Spot (309).JPG
Gray_Leaf_Spot,Blight,0.535297,C:\Users\Administrator\Downloads\Plant Health Maize Project\corn_pathology_ai-main\dataset_split\test\Gray_Leaf_Spot\Corn_Gray_Spot (311).jpg
Gray_Leaf_Spot,Gray_Leaf_Spot,0.920000,C:\Users\Administrator\Downloads\Plant Health Maize Project\corn_pathology_ai-main\dataset_split\test\Gray_Leaf_Spot\Corn_Gray_Spot (313).JPG
Gray_Leaf_Spot,Gray_Leaf_Spot,0.970780,C:\Users\Administrator\Downloads\Plant Health Maize Project\corn_pathology_ai-main\dataset_split\test\Gray_Leaf_Spot\Corn_Gray_Spot (329).JPG
Gray_Leaf_Spot,Gray_Leaf_Spot,0.817604,C:\Users\Administrator\Downloads\Plant Health Maize Project\corn_pathology_ai-main\dataset_split\test\Gray_Leaf_Spot\Corn_Gray_Spot (331).JPG
Gray_Leaf_Spot,Gray_Leaf_Spot,0.953606,C:\Users\Administrator\Downloads\Plant Health Maize Project\corn_pathology_ai-main\dataset_split\test\Gray_Leaf_Spot\Corn_Gray_Spot (334).JPG
Gray_Leaf_Spot,Gray_Leaf_Spot,0.913634,C:\Users\Administrator\Downloads\Plant Health Maize Project\corn_pathology_ai-main\dataset_split\test\Gray_Leaf_Spot\Corn_Gray_Spot (340).JPG
Gray_Leaf_Spot,Gray_Leaf_Spot,0.988754,C:\Users\Administrator\Downloads\Plant Health Maize Project\corn_pathology_ai-main\dataset_split\test\Gray_Leaf_Spot\Corn_Gray_Spot (343).JPG
Gray_Leaf_Spot,Gray_Leaf_Spot,0.766285,C:\Users\Administrator\Downloads\Plant Health Maize Project\corn_pathology_ai-main\dataset_split\test\Gray_Leaf_Spot\Corn_Gray_Spot (345).JPG
Gray_Leaf_Spot,Gray_Leaf_Spot,0.522120,C:\Users\Administrator\Downloads\Plant Health Maize Project\corn_pathology_ai-main\dataset_split\test\Gray_Leaf_Spot\Corn_Gray_Spot (35).jpg
Gray_Leaf_Spot,Gray_Leaf_Spot,0.828463,C:\Users\Administrator\Downloads\Plant Health Maize Project\corn_pathology_ai-main\dataset_split\test\Gray_Leaf_Spot\Corn_Gray_Spot (355).JPG
Gray_Leaf_Spot,Gray_Leaf_Spot,0.865117,C:\Users\Administrator\Downloads\Plant Health Maize Project\corn_pathology_ai-main\dataset_split\test\Gray_Leaf_Spot\Corn_Gray_Spot (362).jpg
Gray_Leaf_Spot,Gray_Leaf_Spot,0.978797,C:\Users\Administrator\Downloads\Plant Health Maize Project\corn_pathology_ai-main\dataset_split\test\Gray_Leaf_Spot\Corn_Gray_Spot (365).JPG
Gray_Leaf_Spot,Gray_Leaf_Spot,0.923682,C:\Users\Administrator\Downloads\Plant Health Maize Project\corn_pathology_ai-main\dataset_split\test\Gray_Leaf_Spot\Corn_Gray_Spot (371).JPG
Gray_Leaf_Spot,Gray_Leaf_Spot,0.965402,C:\Users\Administrator\Downloads\Plant Health Maize Project\corn_pathology_ai-main\dataset_split\test\Gray_Leaf_Spot\Corn_Gray_Spot (383).JPG
Gray_Leaf_Spot,Gray_Leaf_Spot,0.884436,C:\Users\Administrator\Downloads\Plant Health Maize Project\corn_pathology_ai-main\dataset_split\test\Gray_Leaf_Spot\Corn_Gray_Spot (396).JPG
Gray_Leaf_Spot,Blight,0.662111,C:\Users\Administrator\Downloads\Plant Health Maize Project\corn_pathology_ai-main\dataset_split\test\Gray_Leaf_Spot\Corn_Gray_Spot (40).jpg
Gray_Leaf_Spot,Gray_Leaf_Spot,0.895706,C:\Users\Administrator\Downloads\Plant Health Maize Project\corn_pathology_ai-main\dataset_split\test\Gray_Leaf_Spot\Corn_Gray_Spot (411).jpg
Gray_Leaf_Spot,Blight,0.998709,C:\Users\Administrator\Downloads\Plant Health Maize Project\corn_pathology_ai-main\dataset_split\test\Gray_Leaf_Spot\Corn_Gray_Spot (415).JPG
Gray_Leaf_Spot,Gray_Leaf_Spot,0.828905,C:\Users\Administrator\Downloads\Plant Health Maize Project\corn_pathology_ai-main\dataset_split\test\Gray_Leaf_Spot\Corn_Gray_Spot (416).JPG
Gray_Leaf_Spot,Gray_Leaf_Spot,0.553564,C:\Users\Administrator\Downloads\Plant Health Maize Project\corn_pathology_ai-main\dataset_split\test\Gray_Leaf_Spot\Corn_Gray_Spot (417).JPG
Gray_Leaf_Spot,Gray_Leaf_Spot,0.896814,C:\Users\Administrator\Downloads\Plant Health Maize Project\corn_pathology_ai-main\dataset_split\test\Gray_Leaf_Spot\Corn_Gray_Spot (423).JPG
Gray_Leaf_Spot,Gray_Leaf_Spot,0.925257,C:\Users\Administrator\Downloads\Plant Health Maize Project\corn_pathology_ai-main\dataset_split\test\Gray_Leaf_Spot\Corn_Gray_Spot (429).JPG
Gray_Leaf_Spot,Gray_Leaf_Spot,0.804673,C:\Users\Administrator\Downloads\Plant Health Maize Project\corn_pathology_ai-main\dataset_split\test\Gray_Leaf_Spot\Corn_Gray_Spot (430).jpg
Gray_Leaf_Spot,Gray_Leaf_Spot,0.895838,C:\Users\Administrator\Downloads\Plant Health Maize Project\corn_pathology_ai-main\dataset_split\test\Gray_Leaf_Spot\Corn_Gray_Spot (432).JPG
Gray_Leaf_Spot,Gray_Leaf_Spot,0.645583,C:\Users\Administrator\Downloads\Plant Health Maize Project\corn_pathology_ai-main\dataset_split\test\Gray_Leaf_Spot\Corn_Gray_Spot (451).jpg
Gray_Leaf_Spot,Gray_Leaf_Spot,0.966195,C:\Users\Administrator\Downloads\Plant Health Maize Project\corn_pathology_ai-main\dataset_split\test\Gray_Leaf_Spot\Corn_Gray_Spot (457).JPG
Gray_Leaf_Spot,Gray_Leaf_Spot,0.954505,C:\Users\Administrator\Downloads\Plant Health Maize Project\corn_pathology_ai-main\dataset_split\test\Gray_Leaf_Spot\Corn_Gray_Spot (464).JPG
Gray_Leaf_Spot,Gray_Leaf_Spot,0.680332,C:\Users\Administrator\Downloads\Plant Health Maize Project\corn_pathology_ai-main\dataset_split\test\Gray_Leaf_Spot\Corn_Gray_Spot (466).JPG
Gray_Leaf_Spot,Gray_Leaf_Spot,0.937189,C:\Users\Administrator\Downloads\Plant Health Maize Project\corn_pathology_ai-main\dataset_split\test\Gray_Leaf_Spot\Corn_Gray_Spot (467).JPG
Gray_Leaf_Spot,Gray_Leaf_Spot,0.931532,C:\Users\Administrator\Downloads\Plant Health Maize Project\corn_pathology_ai-main\dataset_split\test\Gray_Leaf_Spot\Corn_Gray_Spot (468).JPG
Gray_Leaf_Spot,Blight,0.705525,C:\Users\Administrator\Downloads\Plant Health Maize Project\corn_pathology_ai-main\dataset_split\test\Gray_Leaf_Spot\Corn_Gray_Spot (48).jpg
Gray_Leaf_Spot,Gray_Leaf_Spot,0.953763,C:\Users\Administrator\Downloads\Plant Health Maize Project\corn_pathology_ai-main\dataset_split\test\Gray_Leaf_Spot\Corn_Gray_Spot (481).JPG
Gray_Leaf_Spot,Gray_Leaf_Spot,0.861120,C:\Users\Administrator\Downloads\Plant Health Maize Project\corn_pathology_ai-main\dataset_split\test\Gray_Leaf_Spot\Corn_Gray_Spot (482).JPG
Gray_Leaf_Spot,Gray_Leaf_Spot,0.967268,C:\Users\Administrator\Downloads\Plant Health Maize Project\corn_pathology_ai-main\dataset_split\test\Gray_Leaf_Spot\Corn_Gray_Spot (491).JPG
Gray_Leaf_Spot,Gray_Leaf_Spot,0.990973,C:\Users\Administrator\Downloads\Plant Health Maize Project\corn_pathology_ai-main\dataset_split\test\Gray_Leaf_Spot\Corn_Gray_Spot (492).JPG
Gray_Leaf_Spot,Gray_Leaf_Spot,0.920751,C:\Users\Administrator\Downloads\Plant Health Maize Project\corn_pathology_ai-main\dataset_split\test\Gray_Leaf_Spot\Corn_Gray_Spot (504).JPG
Gray_Leaf_Spot,Gray_Leaf_Spot,0.929385,C:\Users\Administrator\Downloads\Plant Health Maize Project\corn_pathology_ai-main\dataset_split\test\Gray_Leaf_Spot\Corn_Gray_Spot (516).JPG
Gray_Leaf_Spot,Gray_Leaf_Spot,0.919877,C:\Users\Administrator\Downloads\Plant Health Maize Project\corn_pathology_ai-main\dataset_split\test\Gray_Leaf_Spot\Corn_Gray_Spot (52).jpg
Gray_Leaf_Spot,Gray_Leaf_Spot,0.731229,C:\Users\Administrator\Downloads\Plant Health Maize Project\corn_pathology_ai-main\dataset_split\test\Gray_Leaf_Spot\Corn_Gray_Spot (534).JPG
Gray_Leaf_Spot,Gray_Leaf_Spot,0.995682,C:\Users\Administrator\Downloads\Plant Health Maize Project\corn_pathology_ai-main\dataset_split\test\Gray_Leaf_Spot\Corn_Gray_Spot (539).JPG
Gray_Leaf_Spot,Gray_Leaf_Spot,0.877287,C:\Users\Administrator\Downloads\Plant Health Maize Project\corn_pathology_ai-main\dataset_split\test\Gray_Leaf_Spot\Corn_Gray_Spot (541).JPG
Gray_Leaf_Spot,Gray_Leaf_Spot,0.927268,C:\Users\Administrator\Downloads\Plant Health Maize Project\corn_pathology_ai-main\dataset_split\test\Gray_Leaf_Spot\Corn_Gray_Spot (549).JPG
Gray_Leaf_Spot,Gray_Leaf_Spot,0.989889,C:\Users\Administrator\Downloads\Plant Health Maize Project\corn_pathology_ai-main\dataset_split\test\Gray_Leaf_Spot\Corn_Gray_Spot (554).JPG
Gray_Leaf_Spot,Gray_Leaf_Spot,0.944366,C:\Users\Administrator\Downloads\Plant Health Maize Project\corn_pathology_ai-main\dataset_split\test\Gray_Leaf_Spot\Corn_Gray_Spot (558).JPG
Gray_Leaf_Spot,Gray_Leaf_Spot,0.536198,C:\Users\Administrator\Downloads\Plant Health Maize Project\corn_pathology_ai-main\dataset_split\test\Gray_Leaf_Spot\Corn_Gray_Spot (569).jpg
Gray_Leaf_Spot,Gray_Leaf_Spot,0.991305,C:\Users\Administrator\Downloads\Plant Health Maize Project\corn_pathology_ai-main\dataset_split\test\Gray_Leaf_Spot\Corn_Gray_Spot (69).JPG
Gray_Leaf_Spot,Gray_Leaf_Spot,0.979156,C:\Users\Administrator\Downloads\Plant Health Maize Project\corn_pathology_ai-main\dataset_split\test\Gray_Leaf_Spot\Corn_Gray_Spot (82).JPG
Gray_Leaf_Spot,Gray_Leaf_Spot,0.969474,C:\Users\Administrator\Downloads\Plant Health Maize Project\corn_pathology_ai-main\dataset_split\test\Gray_Leaf_Spot\Corn_Gray_Spot (83).JPG
Gray_Leaf_Spot,Gray_Leaf_Spot,0.992981,C:\Users\Administrator\Downloads\Plant Health Maize Project\corn_pathology_ai-main\dataset_split\test\Gray_Leaf_Spot\Corn_Gray_Spot (87).JPG
Gray_Leaf_Spot,Gray_Leaf_Spot,0.980976,C:\Users\Administrator\Downloads\Plant Health Maize Project\corn_pathology_ai-main\dataset_split\test\Gray_Leaf_Spot\Corn_Gray_Spot (95).JPG
